Edad,Peso,Creatinina,Urea,BUN,SDMA,Riesgo_Renal
7,26.00854755365561,1.6920689004992662,56.164639650559955,72.26635177306342,31.600194073673446,2
4,28.536098086071622,1.0264300553608896,122.47616674813503,36.00270838370638,15.940930871790504,2
13,5.2651309469421,0.6300122232548502,176.63697842796944,23.66165620530553,19.3738921553599,1
11,27.871041129683338,4.030843252437963,116.55889536694059,44.25747761846121,12.339159710057029,2
8,15.271372499306608,3.8390171984882944,77.25025345816782,61.914901628522955,39.17963581630165,2
13,8.489087260669791,3.506835769927385,123.65079135848454,44.47983495273083,27.596090197044408,2
5,14.314936930909578,1.7757090286378647,39.66730855446201,43.82266043195679,37.709035825043046,2
7,29.420944683278833,2.6499829774803305,162.18545284246377,68.67612947572604,15.618494027019661,2
10,15.285924725793219,3.7696198435239516,100.49343212477382,35.298264534703044,32.36618195489114,2
3,10.533796698337738,3.2322177237254315,91.89595872634273,70.1856272368152,31.80505253596597,2
7,19.368624775185047,5.93282036118188,113.73836615256307,38.47633606662065,29.207947815328954,2
11,7.964222944567599,1.2504186390620322,119.96541804630439,32.976317397483754,38.79736413433802,2
11,3.2000365151512535,4.323295047261766,31.484128996242084,41.77929378397893,18.77443676372104,2
8,4.737511935408827,2.7237532245736067,129.21875539574438,63.37128710724079,9.575106325641507,2
5,4.713329329775401,2.855097882090881,58.709068850484734,18.820141950479602,28.509810073542127,1
4,5.405178111856536,4.446787711119969,134.23242120105436,23.749345111041215,30.525843016702215,2
8,5.025988006832894,4.308398832284033,151.60556710147148,76.60113779641644,25.127120071058513,2
8,19.585367599293225,5.951907965362036,148.63336120840324,22.284413916695016,12.23862625966887,1
3,6.2745224475752,1.2061685919976888,108.40015478526226,49.74091225517382,22.65595795842744,2
6,11.024351216392033,1.072603071612915,103.22718276972019,50.55201266633565,15.926640779919529,2
5,27.006863887274342,4.483863494208077,42.860153814305875,44.27371234351713,19.961328485834116,2
2,14.744887567623298,3.6811280435352502,144.0553840645017,55.1321674003773,27.582650154563236,2
8,20.359174417109788,2.007883666078932,63.4255008714743,26.08787080583329,31.082515994179207,2
12,5.997276264847265,0.9368065294394263,99.47126765087145,48.68635874437238,13.12786418154701,1
14,6.5763815454514525,0.9711203727803679,65.48385486840267,36.0521278672828,19.186387622643366,2
6,2.185189871727887,5.418049810652651,41.412538079950906,56.316708174043235,14.42065498470702,2
2,5.899116829092772,1.555270285953086,120.72923150267785,19.885648036120465,11.95210648516542,1
12,9.0791198319268,2.2785435916353642,28.693125571664613,49.961419178763336,32.418552699854345,2
5,6.133304044025658,1.7466102122484342,139.783237460192,22.96892487683266,36.823844305294735,2
1,3.5723734789546127,2.452479682075655,70.81388724177867,29.505014418052546,17.958126498960183,2
12,4.498440261917423,0.8818311351035135,20.02155088071765,25.309686022650826,31.29476235308184,1
10,14.362584272949046,3.354828849995487,101.78066227795676,22.798644590817197,36.39483512775439,2
6,6.983677833767983,0.871869099757182,27.4963053644165,67.79976660924669,34.6143473685581,1
13,11.563825970394188,4.9019607930229885,64.18712925134392,29.999529736262325,11.398468598872906,2
12,15.59910085479085,1.7854164505073817,133.1162379929146,74.89866473051146,38.47021585296765,2
9,21.021450030251593,3.470065530324808,30.03033945949854,77.89485677416336,18.183675415031185,2
1,2.140052055391869,5.340434981588021,154.2941587769604,49.988232895596816,16.873423141084274,2
11,24.182901568362237,4.079825529759567,20.611187625373297,20.010078586600848,7.185096454722312,1
11,19.209111295236326,3.431267826032344,59.49181907230436,36.218377036570686,22.016077893670904,2
10,3.3710119265172853,2.283835642134566,138.54464898433145,65.84125843437498,8.815476547432505,2
12,26.33378009909654,2.3315105218200887,70.60322395668908,35.717351008794935,13.69889373245991,2
12,27.705299615422582,4.182178253590045,36.30278209056216,16.09120528119521,16.092991761854847,1
14,2.7712608357910486,5.967766486716421,77.63742700806846,48.974943764973155,33.308921322208946,2
14,9.029451796268908,4.140115544171582,63.262925821524085,69.15845960472242,35.64210276385638,2
14,24.37983711399878,3.5678087955351367,154.83390434568878,65.71484710004518,15.586321111151438,2
3,22.69953102112609,4.518577806315854,70.1356668136229,22.258619809124728,35.05443424356009,2
12,6.351109561334942,3.0586308675604497,146.22919548416115,57.09352300887267,35.00308280794269,2
7,7.071130376764598,0.8307828843043187,162.69954316971757,25.4352984404953,31.762783263470574,1
4,11.743690980950078,3.592632487328504,89.41078713224472,25.274527418652056,10.134328990531355,1
9,15.051166570539618,5.766939064779591,165.59090301670273,71.18502413136295,29.161299641525513,2
3,18.929388374378583,1.464166182967128,80.37088863411086,27.47682669181611,38.07584226031991,1
5,11.6984955475234,4.295026899513662,174.2525466384173,28.427314256260782,28.8889167568505,2
3,14.41350676786129,1.6051352876248106,34.28632392409167,10.045737353290969,16.606589718774188,1
7,22.67665720587894,3.447052264601947,129.92308264051883,70.94683238878623,22.520276110079095,2
5,2.063812883827339,1.031720473056958,99.0102464731086,65.48163692463943,27.600376517286875,2
9,8.320671385976603,2.9770401494200183,82.02380887290353,53.91302545634746,22.869964305497625,2
7,21.68713799065202,4.658898308923853,121.23390059977615,62.518603475718955,9.198352960583943,2
2,26.96099829292878,2.4116433833144013,132.617134661493,20.643399719714424,15.922241562820723,2
4,15.838645821354318,4.157014484679699,20.698123144049454,42.08265162113028,33.083861069377136,2
9,16.431291072694155,4.874974784343511,46.7124941995518,34.58535711441466,35.14963161334311,2
12,4.107988328853505,5.599478007136989,134.087368101491,16.564356837991156,9.805501145044957,1
14,13.974958637880185,1.7905314502049945,126.62166617251303,44.029133965044686,38.33353633395536,2
2,16.44590072719567,2.6962375369511946,174.56760082058835,74.45177552398448,16.508791624701328,2
10,8.031644605407159,1.338288073317296,141.76604644012528,12.804138333548615,28.1809808555752,1
9,8.80805369753205,5.958659261871063,172.12363323701408,30.402263944565572,31.31388010848384,2
10,11.941240730034057,5.598505323583624,132.40648024556913,24.527865534399243,33.41811821232592,2
5,1.5820647355540647,3.4697642165430778,67.68835338231091,26.67026575659874,38.101239577907556,2
2,10.34029580191217,5.131183119070317,36.85838756013703,73.59041863155628,15.952184181008791,2
4,7.131992202899795,3.365268874996232,145.0918181351897,42.76483379640031,35.047725909304404,2
12,10.497423213159525,3.9297212840151783,123.06387543614655,42.640958905787315,9.609041620267245,2
12,4.473101822758285,0.9901843766380913,27.709761982927397,63.24029497186976,29.676431722375746,1
7,26.825291141456955,4.653987312732443,77.60807454415654,20.814454280344805,30.969220532989507,2
12,18.21418115306741,1.2024241599937915,173.08797047748578,44.108574787003555,28.720313442046216,2
13,20.6939672551902,5.043371966388906,100.0641833136322,40.09896498847418,13.831015764730354,2
8,23.88596591961281,4.801154482187123,89.23666176315274,51.78374833826593,35.556510145532116,2
3,15.454823768942662,4.398095837586371,93.23193682548704,79.9690392275307,10.910046217963824,2
14,3.520688354535287,0.6988820928861916,53.4212358408262,63.8614225857433,6.877217703229079,1
1,16.576089712737886,2.1672059576993075,78.99314733836724,37.8505992112199,30.111274671416925,2
4,18.018392422605494,1.9471191345096357,79.17012095794826,67.92871365918329,21.64165003314568,2
2,22.61774475134557,2.480750241093355,28.376803229995584,21.949585431873615,34.71843069855366,1
8,13.518126840660702,0.982035107201112,142.81082056286692,12.13245804162721,18.418899937039065,1
4,4.699828781071349,5.653268026670846,86.64070910462064,24.31138607249911,10.889750597769948,1
2,9.229501268163009,3.5459123239180697,151.54878189062774,33.828808927998175,34.27547673644544,2
14,11.529386595560418,2.1803837086191296,156.05568017918327,45.74065302216919,24.21183710740251,2
6,19.731599998616435,2.683398343908559,53.91904875178529,53.05903983788399,11.621852733662422,1
6,17.552570835398445,2.959613972776596,125.17655714722056,73.74240020500952,30.2134399505256,2
10,11.32680505103754,3.8032688334833953,95.56508866607707,45.68978066853204,22.888977347132517,2
4,29.60894221499641,3.336236852330738,160.8250780674376,45.08929512380106,26.150954378411193,2
6,18.567469761349727,5.556655852679295,54.518508668232656,13.51701068760875,21.131441837230366,1
13,7.87957696034384,3.2332991559820665,128.45011204960707,12.443808685935666,34.00481443363022,2
2,3.9516917059917085,5.95686908152822,117.24033956043561,48.58119733414605,34.03469504890674,2
10,5.432915036345629,5.1828372675980265,67.24823641149325,40.672502927384116,29.828608763853516,2
12,8.132774123150735,1.646807828965347,41.85614458418762,68.7426276486209,8.68904820887618,1
2,5.659759824527114,5.61827368054154,124.26236167636425,21.247570929829163,34.359885166642414,2
10,6.410443697487867,1.1400151883701186,138.1755933011729,11.748016348193472,28.485454318651843,1
14,9.267759892121566,4.995973396701554,70.500375002136,41.43271375510881,29.395845810150483,2
4,6.02783426354789,2.5934281141211906,123.17321664357021,26.623498972658023,17.70439941413551,2
14,27.00619731416633,5.328858762447882,83.22094521784052,13.473006133718622,35.77478446549523,2
8,3.3267786241876243,5.274311795590977,134.11310132521885,60.72188007933403,30.38800600822001,2
14,16.210830297537385,4.932589700646917,51.874443983048494,17.811509997007324,8.940666328521807,1
7,12.901507982700183,4.845167399688838,162.4344004217879,52.582365000544016,19.272231204215693,2
12,29.488979890349587,2.1757352650392243,65.98553543449276,29.67348251168224,36.02331266860496,2
9,4.249128162873518,0.945056056781887,78.84575804098446,22.144723524851543,6.6518845594082645,1
14,12.537812372326508,2.716390983208388,29.294712332855966,36.58260660435222,38.64958168747173,2
8,29.114642564985697,1.4543848324257977,37.84195397140422,66.10120433560675,28.7706898911847,1
5,26.099706650925427,4.32223098896354,102.5379044339725,37.44655038332009,27.09815921751818,2
13,24.695090057529118,2.4035484959578204,62.81482827647544,62.5538754447739,14.4695739770797,2
2,8.479181984303256,5.865856104729532,153.6768361187511,18.784040775940547,13.707712605871198,1
5,5.9557400343119085,4.025346425399326,22.350942184792615,64.09399937655553,37.97203768210084,2
8,20.390653377808498,5.023643099988985,80.65504778750979,26.585332743465404,15.439535898194295,2
10,27.95190368469999,1.2288857000801663,73.97528748305483,57.4175190922211,32.14268538516498,2
9,17.146123897403964,5.241079652499424,23.092420946816166,49.60470883886975,18.75926293724777,2
12,17.576767994627097,5.575164547823669,39.898943840081635,75.04013020481811,9.87389247746464,1
12,9.119393716148242,3.1788405535041475,86.18282798698164,37.112576258271986,5.375035419337563,2
12,23.31529506256617,3.834391157630376,98.85833351159147,14.631563218410832,24.049006795533778,2
13,6.424268708168178,4.706453904966475,84.68635956077905,11.340883988587704,39.15225864921264,2
9,10.386697855723067,1.461612449932269,104.95002854593501,67.88009926809272,17.919766783322157,2
13,13.337656719876087,3.2641134205489335,115.22106798490904,46.731494636300255,17.501731689756568,2
13,15.720700981849195,2.692646652747722,21.5878113804537,64.26708362844644,17.043206624730473,2
1,8.029882240037328,1.3050569568923702,94.25522551256063,26.40979200080603,23.219034305670046,1
9,4.3302679174369025,2.521439322603423,174.15987854201413,34.15586218592636,20.423270919850275,2
7,18.707981230807345,0.8749477016202146,103.04516482072779,12.107271054792326,35.79701193544551,1
9,9.370286043967418,0.6419654882221784,128.4067627934325,77.30446272018786,22.69322771032216,2
8,17.855908421255755,1.2434145903515252,69.89821726670131,56.75075346905694,22.771524336599906,2
1,5.476518742951867,5.797133113740456,143.83862050444202,75.32435614315143,9.843005815219481,2
12,14.953062953789708,3.5224124474225933,143.6674371001784,28.584748520035063,39.39588393186351,2
8,16.445093543995988,5.81202188634271,103.40736762466223,52.80245278579626,13.749051180409039,2
8,2.5028825678503805,2.8787383308157257,176.16221172467417,57.494997780484645,7.567742361086093,2
11,10.761524067623697,2.2149887319689276,40.088034362024544,32.228479018031194,28.210118714132307,2
3,4.898025631230253,3.2837802456213425,22.71162638233296,69.3676464510941,25.837822955490545,2
1,2.8378741437102644,2.917314287481006,143.22531388113535,76.30130240301735,19.530097889746102,2
8,29.708846739308413,1.0811557634395914,149.1448859783812,71.9398582387203,19.776728185823732,2
3,10.348261504266967,4.024544730796134,39.2331566592922,61.73468831575608,32.47723723662509,2
3,24.486358929784412,1.6882100038027978,62.49325327337697,29.42252758074678,11.849942403487717,2
1,8.384578988149151,3.907733751938063,22.808378138660625,29.713122947394222,33.708866163071136,2
11,20.76357894449395,4.076106008189844,66.92937772489034,77.43522243122266,27.706148986325637,2
5,23.04660793680091,1.3361366922075646,143.70269982698744,10.719914715498442,19.663942082283356,1
10,18.273523477627485,0.8374229491086749,102.87368443401263,60.12349812695011,21.0310015804354,2
7,14.675709467954594,4.794188723376419,75.6952949069261,59.437231378868354,13.982652251513352,2
10,12.943386510270788,3.028902330731261,79.47828718501285,53.58826786648582,31.32400164439412,2
9,11.117179729746864,0.8199008752801169,20.216580114474905,79.3076192260806,22.950615980684372,1
12,27.95634518318695,5.971764744433719,67.96808441043774,31.831560503460768,16.229908996244525,2
7,25.087962825844144,0.8177930854800165,123.43339866206888,33.798030465527376,25.86175405163326,2
9,28.985780409328864,4.322693758722043,175.87111101061714,15.525758206258889,39.8507058217963,2
8,4.604619481080797,5.9102340889487746,155.5297323174239,40.99586955806162,20.234179787979386,2
12,22.195156780905684,1.8154905731875908,23.77519434328466,28.273396836439368,37.224199027251686,2
2,28.211873247810097,1.282371527779579,163.7696967479743,34.037069152435095,17.075589397359813,2
1,6.255758918804144,1.167617166823359,145.31174612778017,68.42002531789393,6.915644742374506,1
7,2.9283917536365474,2.1680133116217757,144.86017977135685,75.4839159469247,12.14847372289501,2
7,22.492498829411712,1.0557519605585568,93.27932144057144,23.001315040362996,19.654330016468947,1
14,17.659720282217446,4.306887379317725,83.68084687272045,36.07562520874261,12.687222500809916,2
8,25.41303452598989,0.8426048897153449,68.46651661331082,75.00413934807759,5.007946337638944,1
5,5.053398922162396,3.301821704823843,30.511177432698524,14.326592248245584,37.02505382116345,1
3,24.062752043936815,5.981832696191372,56.51765815899186,16.465236967796496,34.53577939308252,1
12,6.847192281384592,4.976836482283104,59.45658159648394,21.395369244436054,30.98022810204315,1
8,5.74602234310543,3.88370691027056,97.45233115363226,51.664898388881234,10.873510847611001,2
6,5.763708139998795,2.184394914326364,139.59110505547102,20.533058970419823,9.212725167349511,1
11,24.622666886710082,3.9314270996040115,95.80957254367146,77.76534670155135,7.366166231533411,2
3,20.290719400189804,3.398728051514084,29.255111911545697,41.27001690809642,30.34102160705224,2
1,16.16889731830446,2.8434586113970433,173.24636815811263,45.106257224511644,37.508278624075984,2
3,11.406084039581572,1.218907072071097,170.83589105505797,27.266103106378456,20.068753731956296,1
5,26.43881568358014,5.376323183822567,145.63032690374536,42.967217670431346,9.169923519861687,2
14,12.380908115256426,2.973815568517274,178.61246425027528,56.33395428459081,22.93374872562373,2
3,24.681383744675735,1.5704238150142078,107.11717324804206,62.58239958678299,17.209116761052055,2
1,13.734912348536334,2.522676429825093,174.04293604051298,62.77076578969391,18.11887235224992,2
5,11.93138845332232,2.777713638909099,32.096806498680124,50.452377888586184,26.746571845449754,2
10,14.417713784418586,5.051458425617809,78.50891972181941,73.30518424957,30.155133964177082,2
7,9.739958350760121,4.534879093087711,56.06100288108253,67.21854931142767,8.87112596056063,1
14,22.68067202511128,4.731176915027369,51.33329346148321,62.99336802890378,6.245658078226674,1
7,15.578891312681895,0.5606719543575597,42.52847182282817,13.892386517632243,39.80156059400002,1
11,7.734168159257702,2.7888469899886883,119.58618265055946,10.481457355375452,13.145492212044314,1
9,27.087662624962487,3.14739283399428,145.0114969195688,24.871309403683107,6.884068371796068,1
10,12.13284541982313,0.6055575225268117,112.5277439072577,56.44665157394166,11.6456365183572,1
10,16.76303297230567,1.9289726480976883,43.51403353411355,38.783824221778204,6.363524622196248,1
12,27.28769121797186,4.681594027171743,149.77980318935533,38.16843815095182,18.713381311601008,2
13,19.102901881505773,1.2541033815094949,121.75275314619655,71.92108217607296,33.08406245579635,2
3,4.390043180542558,3.444205722989254,82.10651298031928,72.68939936922871,16.94355574152022,2
7,28.255131584790778,1.6836102960948063,127.86084728577008,73.642268483751,20.54641924074283,2
1,19.203533539071117,0.566664260541413,61.58479667885325,31.97146535605191,28.645537074860357,2
4,10.712262825055497,1.826608016797478,75.23075335907367,58.37390689174832,22.811292452445805,2
13,5.03889010723823,5.867305652005296,166.79773490111845,29.014322689205876,35.15059901074635,2
4,24.026730488838584,4.9084541153564425,66.48072090742727,23.342688315211483,35.31124862660148,2
14,18.98210992192689,5.777671543765684,95.19812290526986,22.924272014315846,5.346874342190377,1
5,16.470371667313323,3.1831972415949936,162.42258198336233,33.94753346045158,32.23162072691197,2
7,26.922884908477773,1.1035490927262692,133.2354160428044,40.09703338458752,21.125676008458587,2
7,23.869319125511392,3.513777189355311,29.95251618635244,68.16644197385479,39.60941894562821,2
13,5.398571512249784,2.9990753400797847,43.56848708463525,18.392376543089846,21.91312265564023,1
11,10.039939966070898,5.143963955067888,21.25465452350669,61.444809317642594,39.541358088590414,2
13,8.206185054619507,1.0394541943133453,120.94748643666614,47.20184399325137,31.40992764220078,2
4,22.574442484607633,3.18532625361978,91.62774806566694,30.156173987319473,13.70117096146572,2
13,1.9724406073376022,1.3252676558169134,41.483976144364085,44.49737091729772,23.84382427504352,1
7,17.52680086126818,2.2857175978953297,173.26945936908328,30.995944884391584,39.7247473817504,2
11,23.111301886480025,4.555463925632898,104.74555583129919,51.725736866681416,35.01357127131733,2
3,26.426203466090733,3.118099711528216,58.70292705806227,40.36907459986709,8.407841282692738,1
6,10.920370712761317,2.5673855683017313,100.0965713847532,21.508387035521512,29.723019888349864,2
12,24.816461835488372,2.669619532135194,128.73925323761725,18.16081521889877,17.095285505478458,2
2,4.20832037170101,3.0269572262329265,32.198274875770316,48.26869774504911,5.244379165812184,1
10,25.547116460301027,4.817590991103813,63.95261040766272,73.16891233002724,19.121833915944986,2
13,4.69717120762749,5.406465789171289,149.11447854143898,34.07703805903799,13.216404760373996,2
14,12.52133142625065,5.754340775771605,93.5463792644258,61.31000750558363,33.660424468216505,2
9,24.121565607607057,4.827968624404123,107.45234272516718,56.10629484578369,16.806571309601793,2
5,5.347605393114439,2.23473792661407,89.25056035351508,75.20884400166366,33.9633292883836,2
6,7.648290461746603,4.2847408834759815,27.02399082288082,67.46867121093986,5.020927859217836,1
12,21.945324483398924,2.9068171823046556,46.51996477122495,49.66236812338241,15.77367025091417,2
12,21.881059559836157,1.9006884212532815,91.28666219870254,55.99213487638751,13.440782500771668,2
12,19.59328135367362,5.124793686842574,53.469674465268454,72.88705266088243,13.174857637401384,1
12,21.1245048895459,0.7113449192927874,27.996644585548598,37.966314921085434,7.386531691791195,1
4,16.73900885708029,5.459690956744829,154.9839462482918,32.87562941004441,11.54934946436756,2
14,8.30217270830163,3.038126055436038,176.99080466625853,10.756775854463744,24.444234945996694,2
14,11.025183811613664,4.004608122445543,146.9028598394783,67.85857519340249,15.197637549321056,2
11,6.2663337872413445,4.126446572131805,156.60558747274672,66.06864902823554,19.60881738152018,2
10,27.345066278675223,5.4231475738859505,58.71634085072726,17.3118162670106,18.190340812151597,1
7,17.918362048217492,4.001683251919641,173.70031608211195,50.380016679289014,35.65667237499631,2
12,12.624691086145557,3.8766347161803396,51.50811271254854,42.47871887168212,36.68546496536804,2
9,14.398168305679848,0.8665862230837948,172.22876965789317,18.309636685637802,22.2534940079551,1
7,28.471216848742646,3.3512441206986225,179.17108703455216,78.63977589425065,16.555458261046155,2
14,5.447190690366326,1.3259295044937291,133.8756489193678,25.028712122434882,8.738024640082728,1
1,18.00066512848712,4.555885727968171,176.9829970866915,14.70639260633928,38.36910077837332,2
1,15.670771687649513,3.3172205644697095,111.12636473073658,51.63931656513367,7.107943071510411,2
9,18.73217282760479,4.241252785645943,61.52668530817445,61.72066739931228,15.417759714889815,2
11,1.5251953308043746,0.7292009533131134,89.91934170649934,12.271041223303087,15.432317040950146,1
14,26.291593359380393,0.9663560882519178,114.96974966060576,56.110234710891554,16.21404501490752,2
9,28.03143019202476,4.439778634344752,31.6930499243224,47.26043131660181,10.750039514534325,1
4,17.38886232408706,0.8964638479927035,119.57492233875938,17.22855062125339,32.4106500823294,1
13,21.202873892429874,0.8919120027089222,176.98845388196713,22.076671386245344,9.287425168809623,1
9,27.752482054141574,0.566596613791881,50.41722396539642,49.75820081212564,27.2217330703607,1
3,21.50992039508856,5.76075769064714,146.81521860614134,30.745032945930188,9.334610934703612,2
7,5.423632244513579,4.556295977024538,165.2638070047391,75.68210100559213,7.468747315753479,2
6,17.71236244483758,2.4428827467613528,170.99225485123532,67.31181606388355,36.83003262900568,2
8,18.59473634510282,2.1309456970821037,173.62169670487157,78.84970445595641,11.654506821154698,2
11,13.299789467769195,2.4233677636021724,103.4335421954355,28.17695872652898,33.74375540958965,2
9,22.356882833116963,4.7605944214965,176.3692652786406,77.88065429585839,24.062080488749753,2
14,28.09664342830143,4.137538360887279,141.16963314151022,40.18637088540905,7.724978186306936,2
5,27.841486874296514,1.5185756232710736,45.8674297979139,34.326315671962824,38.440686700332364,1
1,14.074341770719832,1.4576013443374638,96.3040170348752,13.524466887854727,13.643640844716238,1
3,4.283903329381902,1.0411760734236852,134.93298805952065,13.693568050172184,35.08758708734123,1
10,29.560394769907703,4.13166495835736,59.57445053105333,58.440787916265826,10.908350202459747,1
12,25.328044506932088,4.704049642219548,122.49842936782198,42.05502961038195,34.88800087496485,2
8,4.615217754894738,1.9577553557875222,126.65607664745907,25.856513822527397,5.4630084516852895,1
11,27.7044145959038,0.6151972856700205,46.03195900937054,52.97792144276629,22.912315979931822,1
6,26.22699449980172,0.9519441711203505,110.41364999244101,27.700068277507782,31.930490279754487,1
8,16.046303656656093,5.823230191647667,143.4603057565772,50.43422280410958,37.717843112247415,2
9,18.146987636602947,2.1249462761258116,99.8233063257507,35.14461228878832,36.82207476722705,2
4,12.571078412233778,4.7307273131097345,21.936498684177188,67.64865586282733,33.686870434167574,2
1,2.5880875258389087,3.935649628698451,21.44615505268675,67.44873125367455,36.086697238145646,2
14,10.720720007731126,2.6006680180909276,77.12469503520195,43.41452786856809,11.972689004297678,2
1,24.282750009342333,1.631279942075553,168.1910509490851,34.55733765345109,14.946450349910506,2
10,1.134328667133483,1.1676252998767354,56.58828473657741,35.37918575913662,15.113898372237047,1
4,10.671475979043182,3.8825713242137665,121.49819021946995,66.40001679677525,18.196887585059457,2
12,12.546892114137355,4.760485793507834,55.53213931093129,32.97256379583284,18.766223463481605,2
14,16.58447248519976,4.041473394476219,71.46719834552778,24.63415615947922,24.059436362913644,2
7,27.675812875970053,3.4166617328703706,155.68673433623744,15.928183931271478,10.595791717825449,1
2,11.044033836612876,0.7307317288739994,136.6178307631915,42.66851846190859,29.193633232509626,2
3,11.061642854990604,5.826688276769111,35.2638843701137,43.749246924388935,10.864828875657727,1
1,22.387536195182705,4.89292805410016,88.59232335782937,68.8636097282035,15.860796873659163,2
5,14.114320285804407,2.110521201855306,24.667162183242315,25.486708751224477,22.617079571215392,1
1,7.513539865259477,5.889836811473678,96.94242345648144,36.66938915678799,32.87541965332171,2
8,14.120745967848109,3.8103487429997713,125.98944187217089,66.58840172255836,30.881423163355453,2
1,5.084853591014196,3.7033246201398557,38.96041977570425,67.65365275242814,27.59370247436828,2
11,6.115222608680476,4.614402486862427,66.22159022546651,36.92277531851377,10.452064120305955,2
1,15.452665409444913,4.964733834495757,83.65386008034511,42.138681630067666,24.14658709654522,2
2,13.14883803563189,4.1106323403232645,167.12496394496796,31.230012359449805,8.06062756299599,2
2,27.5305311309749,1.2045266050141001,178.92080246767424,75.27884148935185,18.20771118788278,2
12,11.50942307438236,2.3604712829697414,27.185807839298537,18.30506360191062,19.473078560148572,1
6,17.83706215806326,5.604460021793273,141.76126775926272,75.3624596101029,6.393400380601384,2
7,19.33566434966638,1.7353858651411855,79.47585062437491,57.87065162847403,14.589583481449013,2
5,1.3797392410616753,2.5469186311063234,82.79330979671681,47.210050688071185,38.447731354327125,2
1,20.24258378848461,2.876422856193078,140.68239573552364,12.28613425491471,38.37714127403913,2
1,6.163043039222791,2.916727443319487,166.9482291432654,43.29173342754058,17.331446898838877,2
3,28.8710392066142,3.87116770371989,172.14857512040774,38.542367350191256,6.508503813191342,2
14,5.3112191048402755,5.6869171075958915,112.33961376613132,21.28531683825858,11.268322876486355,1
2,13.024099588083688,1.8238099150787772,77.13938548808045,55.948672245045984,18.727622770173905,2
5,3.475140374280672,1.1682575696550495,146.00785373740467,77.98056351578,38.172289428923044,2
12,29.909353303532473,1.5860876942296551,60.16022132196804,49.35321677451676,9.941967223801473,1
10,15.563655299606035,5.378086951150983,110.25184461336283,60.032729351076206,31.72305452838743,2
6,18.266165502281268,4.0519594696036325,77.3725538439797,14.791531679621174,8.803888878114222,1
7,2.945217844264397,2.072487340815381,125.06097179326018,39.23668970718963,39.34401520869469,2
4,22.748853641576154,4.987708164327395,58.463826062961104,18.14509396151471,18.356577468819722,1
7,7.087262199771987,5.237534979998898,50.65487131757212,52.89570848755573,32.13320886146696,2
11,27.0435743937807,5.155828862796529,166.91825386806994,75.69375107499083,16.990687898389613,2
8,6.949049573978208,5.55409593501755,36.2885892719259,56.3244412730147,26.968410700558305,2
11,6.52994389924633,1.8873256109534888,100.95326523758906,15.376213382009507,11.720562965901285,1
1,2.0599403675947516,4.65273060810453,55.33644527408143,34.8266343489558,10.110735675393688,1
6,14.689941408189979,3.03296723500777,26.228794132106792,48.546436560859604,37.832244884884595,2
8,17.380392864615878,5.130992040895339,25.763010926628223,38.224542929327654,37.11765472665517,2
5,2.9055505434222186,4.5066987243888725,48.035483536932375,68.35508073326207,36.06141290745089,2
4,23.490300884155307,4.770460955748486,158.68325672096003,67.02697032969925,26.89017075583077,2
2,14.1453762076928,4.108890107245893,65.19659903632427,52.8281714072255,33.289387392569736,2
6,16.207317810499823,1.4758582320833877,172.07346729204733,36.14205615928937,7.4162927918981225,1
6,13.782119661208617,3.497648053933161,113.05956687827097,27.87354616342709,16.71761646617377,2
11,12.622128765384453,5.915683567384795,89.85827036300257,17.411202274919052,15.979609366500467,2
1,17.22956960793832,5.655634365734154,112.81421354711273,34.84283784405878,27.247586268341465,2
9,5.5019671319906625,0.7374555468835642,102.67174163620284,38.92207620454037,17.458522071472416,2
12,6.275915784362862,1.4064814865119042,141.40420060117202,57.307604757285155,10.197737357528828,1
11,25.991783009392,1.2245082540000904,65.19937055565636,56.071187700830144,25.87634763947403,2
6,28.43734840187535,4.492889504919125,76.48806265604838,14.907569774887985,33.50343722341785,2
13,11.825970172112836,4.9978193142131975,163.0550884053201,37.668152080181045,18.37432230609906,2
3,8.851595521163059,1.6743125147086955,171.43304210406487,22.724520705215333,9.62940502844686,1
4,19.675986753931458,3.2821898112350594,162.80931639783591,20.976889372176398,11.884086905948806,1
12,12.853290961844795,5.1238666540616,87.11167903317018,67.91115048160722,13.31191568092844,2
11,1.736204314150001,4.5304084962143785,144.85848048110108,12.934065170138027,15.496415754808767,2
4,5.528425323619521,3.4823046302051655,96.2137173281758,39.34280131314849,27.49782746772082,2
3,21.76319463657453,3.746912297523251,99.60637634337635,21.774255903656275,26.033091958820165,2
10,20.10879431539439,3.29598300803954,52.74881744916543,71.55311509749319,29.36279515484637,2
3,1.7857837826010212,2.136516482253513,114.58084852136264,48.99283592925246,17.68756945860296,2
3,7.437192696055534,3.6076209607245886,49.781743640535666,26.19664454637936,33.83991781579924,1
4,7.70116910105407,4.288869161275499,73.050351850751,45.16991010164635,12.143068140451609,2
7,20.484889564363122,5.3032760372344425,156.80483225918962,61.204045179218106,21.416426163135387,2
4,1.5716055948765604,3.9996024468858646,53.13212947373684,77.06826062436036,33.03285525395006,2
9,4.019148877552642,4.686168453737369,31.38532562774925,25.431220297179326,11.305552670641674,1
1,24.19756647582249,1.3803939922501516,31.04121481805061,72.03272404905417,8.845208980927403,1
8,6.177795199575675,3.0385661093088445,170.52552328049725,75.40128799172432,35.928938869079644,2
7,19.929637127704368,0.5513239090490132,101.10727007389355,74.14943811724464,17.002538196571855,2
2,7.907300650355069,1.8567337548689267,85.50593149072293,54.47900498033369,28.93545437181612,2
8,3.8838003900210096,4.495539433121527,149.74057296126693,54.087445810429536,5.887201149237847,2
1,8.051993538984169,5.954954732421499,153.73214846568257,38.22474432286759,29.151641094330735,2
11,21.945741023814115,1.0454795477296874,73.15056529849673,62.667851761265155,16.063545904143968,2
12,25.815197575082287,2.708218737237085,130.97888919580726,47.19058128456523,6.950929875560461,2
9,25.076376072442756,4.900390327845377,143.37965053630185,57.420664985980615,26.343446654184095,2
9,12.51832235893519,1.6221959904589436,124.74410989855272,39.99205326941568,13.428133562561063,2
2,20.37446896054874,3.5529672211625742,44.2552119680159,61.20475248301973,18.5382534718158,2
7,6.944544567058808,4.531892128163212,160.14129336272913,67.71300623231843,7.820328430027976,2
14,9.501284177569385,3.8879199764309846,106.25512843776139,20.25053796219713,10.150713788323086,1
10,26.993738737112473,1.5341360403847888,65.19558821920059,68.30508009019596,15.429203242354532,2
3,1.377055781811345,2.454615127771567,88.03650967003102,47.82075722532151,8.1415825196055,2
7,3.479747394779574,4.810854814669685,26.01137446382518,69.12661363631571,36.878919264021036,2
12,7.028701399234793,3.5482458277260913,40.45868819558681,40.191119443871024,5.211646511439245,1
10,1.7694339123407716,0.52876287448602,142.48748008253773,36.532833976812455,21.9351076602509,2
9,6.261627617604122,4.685449180154516,20.001861560858583,74.05425127620558,9.313661034639301,1
4,17.908205268121073,0.6942124521713149,86.65053255716674,27.581848728388092,15.768768131728198,1
12,13.22131196718244,4.6015358050217765,103.60162897369415,69.09486277003002,37.41208459363929,2
1,26.88747962123227,1.6136430809088058,28.741507200155567,43.88144007565829,10.65930936458954,1
2,24.705863290414786,5.769404140656591,175.69250607557325,45.98668097858818,38.80413119014164,2
1,10.912703199238404,2.5236741321614646,56.180052999947506,31.592779704263883,12.202803194629759,1
14,8.523279569507482,2.298123889859435,68.67179514180494,50.1129540433311,30.954813796339035,2
12,12.01107983685074,1.3188842768284457,68.63080196080438,32.76478373933479,24.13370427140591,2
5,18.118553332929423,2.180823185196182,56.86666593877598,12.748858996915661,35.95675546588657,1
5,8.773845583863412,5.321579190055103,20.235811533809827,29.039902374104923,24.389763942609584,2
11,19.100318327624887,5.97983885694986,136.69516705407943,10.446533038461347,23.709572670470802,2
7,12.872937913545972,2.5257024177876657,174.69527996788565,78.48483509397997,11.841030012893995,2
9,17.009368244707428,2.9673584702499842,55.88695732560721,77.60230468738233,10.818027671808055,1
9,13.647669344924184,4.471390160115053,126.0875506885476,37.66087082306135,37.077120289042995,2
3,9.539507026715613,5.37407679255791,138.7034123133944,60.985959803775216,16.47433695975119,2
3,28.505145901902544,3.761743838027313,155.74806065448396,34.20642688872975,18.022878923701356,2
3,23.144568030633064,2.6533913399780613,87.62067152217746,56.97652099601832,31.593828044993593,2
4,5.063282097227124,2.7694201246674304,68.46894490246868,66.38010301321853,16.858821884798257,2
8,26.18557130103947,4.325899805732438,72.04722144368498,76.27293712845685,38.3221856323651,2
6,15.135504749235896,0.5177004498235327,134.01941329576204,38.01485930947704,30.82747191495801,2
8,26.94201457992865,3.9077413560291236,150.68471464090177,64.83085880692335,25.9100234900697,2
1,24.19580242247214,2.4552115574274658,49.058234841056425,28.614991544248316,35.831330619066335,2
8,13.33119162960777,4.868085322023964,79.35056130524244,79.32326126555539,6.736206792231896,2
4,1.6516099412834047,1.0114485190272269,164.310431479864,11.80387191350458,13.997194226622305,1
11,8.791643422163435,3.7351124682161476,149.07096315115828,52.247016455078466,21.276271697731847,2
1,16.70739222516514,3.1453508943736805,177.57734444199613,56.1654187155929,12.944248881503235,2
8,19.37086837495827,4.03279039247875,140.67972154913292,58.16318899518902,31.036681555575317,2
4,8.478742877562865,0.8566947696563258,82.91123216446756,18.42713051523623,37.17228108688038,1
6,5.041326148111899,3.689910830854722,114.50205343914205,75.69708484311913,19.83195419758232,2
8,25.212976867179673,3.5881652337773806,125.76228067957125,22.682829533505796,16.974641003916325,2
4,29.54766324040301,3.58363051928894,32.552930610739836,53.592738226788875,38.65427562481482,2
14,16.24501528677789,3.8191821662805014,107.11951345661842,25.587325538615946,20.56983514896393,2
3,5.978699289600802,4.220573654744992,133.49133255561753,31.50514919148896,22.116694015724914,2
14,8.8969124690617,4.927439498244234,46.77140864016966,48.25209792096871,17.307745531966688,2
9,1.5333296198765352,1.984013960705179,144.90107478808915,39.20353929952036,36.83419655542484,2
3,27.51466539025447,5.037771755990342,113.40364488225786,21.21579206835544,24.913441914864777,2
9,4.414781403814093,3.240406252448995,172.35548571161513,21.96554816945938,31.676110551357564,2
13,17.718977789913353,0.9238205352388213,26.78756771310267,39.27013517139598,33.413235142281025,1
2,8.947601399928974,0.8220301108418856,62.452182008874715,63.00980847928505,16.964716467104036,2
14,17.07116207295801,2.3383107528283347,116.24862068797185,72.8575252793452,20.1793015962133,2
2,19.891191262204064,4.816933374113072,67.44958595294891,15.888936358156798,34.696512104219266,2
2,25.062512307508847,4.392245141075037,134.30786625139876,37.517273529158075,17.713937308653357,2
6,6.986216881057493,4.8373823056982355,141.44084520350896,17.017189460601365,32.7877296708148,2
3,1.3188790310959337,3.3449798104288515,36.402554250635916,11.161473644281852,37.9347312901053,1
13,4.969683271995411,2.921094488755198,102.21671427308283,56.32030778507696,26.812363057380246,2
9,27.100540613595047,1.3109888968845618,101.42248889456894,52.171460937661145,30.95695506081611,2
4,26.342812249312942,2.305060144851214,79.08492323448657,21.411337967042034,33.17840592143972,2
1,18.32497996293894,2.887106513956314,169.26797801114753,26.366898316514487,34.57638771138249,2
4,18.414988952575946,0.9873023632378948,152.4010111797154,11.659542755116286,18.82686682498786,1
1,20.28606356184141,1.713365739911662,131.5535011055419,68.44630439860826,6.794221071159936,2
14,6.085767080080038,3.7902391173505636,134.29226171759962,78.2283417233986,19.06566949328588,2
5,27.517946431823834,4.546147128315544,93.87458301009906,19.482167575628356,28.58146804244314,2
4,13.14434522187012,5.990911312661223,167.35912337545213,26.203264963570867,20.762263502327748,2
8,12.111017319235426,5.6321233223895675,131.13526836052566,70.78866667628537,31.21371028011395,2
8,16.04861345320229,4.034108597443554,136.63696986493062,74.85246585693294,17.494385031403233,2
7,2.362013036476596,2.816864293117396,157.87054460597523,39.37391679647672,27.216044938641033,2
3,5.822217693926303,3.99897550589528,63.85145429475056,13.54357305883519,11.52469316988911,1
1,22.40297487636474,4.821083899441276,149.13134461867247,12.757428358497357,31.227930282573492,2
1,3.4011613698286673,1.1508490500786301,51.23849647303872,50.176490624830734,24.099358908455905,1
12,18.491411174525258,2.7544768933295853,75.25471235918205,37.502657622522534,12.14225359913102,2
11,8.115124180758308,5.118912570995895,73.69767268317483,12.005669930435817,15.216891072423254,2
3,12.28957280721732,2.611081235631742,176.5640749422625,50.827667461878974,31.201304800364134,2
6,9.372118366350296,3.6452974917495258,157.0459557996683,10.791177561231573,21.891043248153224,2
7,11.314508777483525,3.7327314847420903,132.18717785444156,65.11603707044911,12.561100413757528,2
6,21.85233125034312,1.5146193922350164,136.32908185846242,31.450297589236012,38.85449166296042,2
14,9.616529753072076,2.492294929087586,109.93164710441137,12.818060210646248,30.029375693591078,2
14,17.425734568610018,2.3398120880806266,171.53450673736305,51.18465546882073,38.499719138892864,2
6,14.80546166377389,0.6440818969263564,99.40140046117784,37.83790901031383,19.948676587612013,2
6,20.246463795516796,0.6330547014024539,80.88283357918313,78.16602893500047,21.628511924210216,2
13,28.16806244041798,5.074333740216754,46.08565390905456,48.09390637525915,36.42843256647567,2
3,22.244590819097258,2.001889454850468,145.79290436176927,29.26674267259058,23.376726908588463,2
6,7.233270979131946,3.349433214313485,137.51102913209462,59.660720524378235,29.75476191669835,2
8,1.9043109167772556,2.142990654738252,81.49680616386158,29.004440177989792,13.826050712343548,2
11,8.605657284694928,5.673735848134373,24.030946233476698,73.29703039852956,20.63542640459242,2
11,18.25725999030739,1.9261321737617556,154.23957243488172,36.23053793551635,9.320745303362429,2
2,2.49134859104326,2.863112470064143,21.82687735265178,48.49079939433437,12.209301255693658,1
5,15.394621168835855,5.30001637766531,132.59196474064817,13.54011726769602,5.033019534367088,1
14,18.308442618589787,5.130634617354947,175.24113755616912,39.82848665665615,6.374276807703108,2
1,10.693072833691863,1.5235577981545252,90.02581250371256,68.26544777626964,39.204933811192525,2
12,23.356453908628836,4.914538203876408,57.595744799352445,66.39541637543394,13.482379329786681,1
1,4.091349340879383,3.0200278770584097,132.77936160694108,25.70229911974684,28.21587483264007,2
5,3.178995670338454,3.1563287964694537,150.74050272249363,25.825534970739387,34.3684894579864,2
12,22.1174739299045,1.2341398482876909,107.42885057245557,67.21137185492657,24.27311607327975,2
13,15.369248169979755,0.9433083256641857,174.72564404098338,75.12788941185279,10.360057502938467,1
3,20.963669496404346,4.503666188355709,28.266995465273776,16.675264489110248,30.484075306765824,1
4,13.60999281950864,3.2305363379541485,100.7672957287245,41.50410475983577,26.008799353485408,2
3,8.145658963934098,2.9026788643834873,134.952631571608,33.62179952749602,30.59377062715813,2
1,24.753967212551792,4.512295257588182,158.02247538386862,70.94819188202075,31.94113179999805,2
1,24.1830604901004,4.710320944451103,48.68089790524641,15.846744027601314,39.13936286896608,1
12,21.146197654778376,1.3739949221814447,148.00055708218903,24.778815979062617,25.07471480093485,1
12,8.892208979668919,3.856238322127027,108.43313211496724,62.67278363105461,16.957438944171063,2
14,18.116689339203525,1.2444474525272704,83.44858911839411,13.590569428685091,27.696259491508297,1
13,11.468243011260776,4.632562973159751,41.07440457265497,44.47747665000025,7.395424823491915,1
14,3.6558801264723906,4.113253359469267,158.447321425426,40.9474924275804,36.40890614125552,2
5,27.60209368840504,5.761380415959019,45.16371330875445,33.40808252921241,9.178335396836887,1
6,4.967740296649881,0.8792690899603165,69.56605747345588,37.620062072324664,16.474499326003638,2
3,28.55688326080327,0.8138009663318988,66.4072851139899,47.095841085116305,33.551088321914236,2
12,13.934167415780717,2.052028910812601,159.42624547053668,21.29571508718682,25.905933241574914,2
9,6.36885493631997,1.9393812605474827,127.63247907342368,50.03971147985149,18.777243209710473,2
5,16.715127473972387,1.858383394895999,147.46902355061957,66.38026305099905,21.57024807812575,2
8,26.315429240415842,5.484400192865702,60.07486380679984,63.21126508531113,34.90915876207631,2
13,22.234521705877274,1.8725040991722834,119.97985593711982,20.77299332856416,16.900153512096225,2
1,24.39027328798204,1.9957234937074704,111.47935730299979,20.447462881903174,35.437738968426,2
14,20.104717634610804,4.6766904432988,153.25286028612337,28.77220574214393,8.084705084184202,2
5,21.076020371017723,2.97356913347797,164.97392967700168,35.275230843872606,32.187945302302076,2
3,25.62667389539426,4.7719080632534965,21.94508343638189,38.59189069859379,34.664167156915774,2
12,8.240372256916391,0.8595138666041189,127.84318704940682,57.57880517833417,11.363617849306856,1
1,15.193323945651073,3.1816415652036136,28.293727859156643,13.967630251608478,20.062128633027015,1
4,7.415073812768465,0.6848748010080545,107.81738641237695,12.427089295824647,10.792492113227947,1
13,29.642372231902762,0.8445926190044499,66.02123664698851,37.43373940607363,29.73114451479762,2
5,28.377720850911786,5.48540599339426,69.0842559235426,58.80145844965863,23.737171882157988,2
7,2.143377529686671,1.2658495411467734,76.47336055237704,23.54047400695378,27.236317134791236,1
1,21.461680002954964,3.428313752513694,119.40679184793763,54.90531368793762,11.87704384346739,2
3,27.832201205054307,2.761025814303886,73.44799450700307,28.18796965582096,12.411105171834684,2
2,6.236685008692673,2.410388294423635,137.23184809444487,72.02602761694615,6.452406392846723,2
9,17.470411686026253,5.4490834012799985,84.72438169181915,72.69829609866315,16.27236373185054,2
10,27.549160630053212,0.6200286822651923,30.93651204959338,30.810104299692853,24.591063146678625,1
6,1.9844333789881663,4.15084327396574,145.40157479745716,26.099562777426836,35.02772198990651,2
10,21.22518775015836,5.7986693881745275,65.72133193483296,38.79127804463619,28.342460661053824,2
3,9.623121213803973,3.5809250090401306,89.24270073588202,26.83721096261041,20.2388713189913,2
8,27.80748966591938,5.652523541182005,129.67102131550425,57.066869030419255,38.35920400379482,2
14,29.160689109795666,0.7874183360731307,73.19298514379392,67.82452791837999,30.173582020154115,2
8,28.383728184289584,2.8033632549078877,29.0537049834745,57.11644916378519,37.55578210018925,2
2,14.752212283066449,1.9308678502912815,79.82736752205017,67.70453130745446,23.465579064525798,2
6,25.99923687869009,4.5195153073940135,171.11177323108853,37.78945135452319,14.061649617759887,2
7,25.491932557517043,5.897133997734857,122.6775035677693,20.942187949620262,6.8489340227652695,1
2,10.253913724054414,1.910915343443363,127.43666378675312,61.65656631783145,30.412969801934768,2
11,25.038548750369642,4.097960308107409,121.16514458202238,35.23321535990877,9.245604930193695,2
10,2.073221406749286,1.5895369801785706,51.83874223350989,56.98895776603928,15.597129489518851,1
2,18.291826475979537,3.6093164001438547,86.93341825636482,28.945075938723598,23.63648177593641,2
10,7.670256281343389,3.051628676785849,140.1503677381309,15.686074436467088,24.754580572291168,2
1,4.496439687541086,5.846029312973454,36.21966360850546,79.48072568414344,26.02041189454976,2
8,3.2316428472470653,3.846899999830566,64.45644417435396,20.934105555141947,10.818936562239521,1
1,21.19237450046605,2.422285046477503,64.21105735453658,79.18946957744367,18.290809168757704,2
9,10.856373949273918,1.1275268168836337,89.12302841512096,78.40959527965131,26.601797949093836,2
11,22.018236374334084,1.3318575580421401,176.85899855074962,65.56726727356278,38.94366026218247,2
6,2.8953338831693287,1.739243114731793,30.80040746941151,56.15960734573983,30.467089819489104,2
7,10.1434197970877,1.880316637371639,102.99215910089521,50.44649351757593,37.29113149828852,2
13,16.64524747888478,5.178388318126258,48.69834912195367,70.62710817644843,31.677422040996195,2
10,23.930971780329944,3.5867253355538873,175.30824726555906,30.260766513364157,25.710093911234015,2
7,10.243822585030028,3.3786500125590155,38.12856075639427,42.73768487394139,11.72081791977206,1
10,19.150849916673263,1.131228795280696,84.57616037785459,53.35729785565513,28.333997816237957,2
3,26.693354698849426,5.230768313421892,138.06159757353697,38.78333331086438,26.818284808596747,2
2,18.86003245728683,4.4754786676466605,132.72870848439123,39.924051786318756,26.086420966004326,2
9,7.755824767855379,0.8721759904500087,87.63658190302917,33.11992672514591,22.142505379588428,2
8,1.7076226651396027,4.393093034763728,75.44386687243491,49.496227167917525,23.502981139624648,2
13,26.232867343126966,3.489460195384553,83.61798056845929,69.54021696105812,16.705488449133643,2
12,1.6168129146612271,0.9494894016072803,62.284202105382285,24.1069864604419,23.17594424248061,1
10,26.36634850784178,3.0206535284076104,52.853270193087965,75.4103127127409,11.91445669874674,1
7,16.339176886789147,3.1658295792152584,97.2863516094224,58.23613576237608,33.18110390761319,2
9,28.23296325687399,1.4117599708980166,62.96540097081717,67.6291248876021,11.502193414454773,1
4,24.164713837436295,5.701339808501553,65.99386638356002,48.93334848410081,7.973820146131325,2
13,29.940089205466787,5.174864543143641,125.08097015592912,64.56616909968444,20.268610922500507,2
4,11.170642648099594,4.179622855310096,174.96597307198275,11.134027813762705,28.040760382712165,2
1,23.24846037900268,3.0426255855033397,116.58195208950002,67.28662973456747,20.32008887267395,2
8,12.655996494668022,2.7647104787147967,32.31671473039461,12.809720135975656,14.6863946182958,1
14,14.916392988813357,4.080354069330248,32.09337821665072,72.29393634540037,24.535991436165425,2
14,19.197658433332734,3.49987528173798,172.22771533529055,79.43739230670504,17.145081739427,2
12,26.336636311403822,0.8425020823503708,67.56652644917338,30.58472235237445,37.650369154432155,2
3,29.53842060677956,3.3187645682368245,34.73071777319607,24.722298940005558,37.292579886125026,1
7,23.27992900207103,4.935219894780618,115.84713394406106,63.57543547006285,22.58301369902334,2
12,13.115236682852679,3.025819326783269,119.78380452644258,27.711843864417727,16.475939790639046,2
2,13.219353066035035,0.7857611765484762,123.7607712189901,70.58936682205425,30.79963448848237,2
2,22.389886746077853,4.8245300966121825,62.78432445720661,17.19898145102337,6.284953021907333,1
7,7.9245372272807675,1.6075008017478591,22.417709474316005,18.81686374655508,21.616915211527793,1
6,4.203749280810445,1.9224145918842133,174.4024591127155,78.5406088570431,16.771318799461675,2
3,11.28404257158252,1.4058849438776275,60.1428873105764,57.168722878900326,37.218755978589414,2
9,9.32993075796837,2.3161828567932368,128.16420608840758,69.2821057100267,5.420105954543889,2
10,9.592935493223713,4.662133281287493,133.06077918059353,32.703056414606266,24.34852065014222,2
14,7.774624780447388,3.3566222272716555,117.60118673271771,57.35386246644231,30.92322533733191,2
13,2.220702499454495,1.626847007828919,70.06518307418372,51.5969279116018,21.975629563341442,2
6,1.5183441072690005,5.328065429836225,63.37540060225052,52.22050840860629,7.989106055695258,2
10,29.643949302344915,5.33770020223341,115.6269252324325,57.77727216764051,39.03614865097658,2
10,13.405420878340008,5.288181337753038,158.57530137787063,50.2751421190369,23.130365098163427,2
6,12.14547276763077,1.813379162598466,171.4773966277433,40.03436585118662,26.496518551165398,2
1,20.709771198099027,2.9818163929954347,36.944928704601224,29.314588606638278,13.281342394762756,1
4,7.329362748086861,5.917443108774813,44.772578015635176,63.800693163924144,21.922432978738133,2
10,28.548874334556533,4.746068619704947,171.15780140529273,25.839070100223033,20.020232218541267,2
6,23.80400541805101,0.649420816740579,137.84563653356682,58.46480143080899,7.621354470069431,1
6,3.5929190670555258,0.8586252519327062,161.2790119727637,26.333297585452865,8.715612374161353,1
11,13.109842497762923,3.05162257246783,52.42122146165491,53.77311189681177,34.31153818665711,2
12,26.494430919302776,5.500711132238581,114.0137393775043,62.295478699032024,13.39369832723066,2
5,28.3972286464509,3.4628598887399282,132.1823351067958,25.309972223457745,11.823539502452068,1
1,14.554643826246222,3.237968794188596,128.81790167151564,14.19603106029158,22.671900793754872,2
8,18.788930287110524,1.0801053497614683,85.3042705386717,19.168162009592187,31.906149597687953,1
5,5.843984436670182,4.112290575983617,22.463182670609356,52.41978770897178,7.168128150264577,1
12,29.74389015797232,5.02156738330124,113.2681690886821,69.46124843580148,25.188277187338954,2
12,7.718479340119859,2.5923100412915927,60.4962462687374,13.149777486479707,9.172365499420067,1
12,28.339221449918643,4.7658651800893015,92.04067938286245,61.390588132915234,6.276136778896646,2
5,19.839752820778685,5.804621596454464,173.21296241341076,33.892305216503644,6.8460383256776085,2
7,18.624367051486914,1.62071552520229,83.84565082278955,43.496985894366574,34.19574378729544,2
4,15.867966819478749,3.378312971571077,154.36825706630827,75.02016848918959,9.129036926982154,2
6,7.689424539815002,2.0792587694651656,50.16649691988018,33.238005331509186,6.580297754430218,1
13,6.11931292815974,4.860699304686117,127.59367968400461,42.573585375764026,20.32649605000193,2
4,7.3941000630350855,3.6767635123463664,176.32111271023095,10.957769033247677,34.53977151797086,2
14,6.406709602183381,3.9902032965266705,36.30289613966988,15.711910400338684,14.184293177125568,1
3,23.607949733435845,4.888527877887418,21.331190756350722,28.101411379434882,19.759941613407072,2
7,11.153632515835174,2.6778375996435018,89.37324682121829,11.949656857475208,6.397288639731293,1
8,2.6774376203384946,5.532995376238738,34.820077288218755,54.19627282337757,20.717747994720654,2
4,29.10397627408353,3.4316587698537697,139.741495948197,39.847884976113576,25.216457822299677,2
13,26.629790663939346,1.368751525594414,166.32778621576944,48.37016419096154,24.98174688132507,2
2,27.904816212661174,4.327445149928414,89.44335563340141,22.22530301274307,16.63493422610278,2
12,29.852326856746622,4.862937427410399,61.39386274487055,30.715242060563128,16.043661323209744,2
10,6.042962227365131,2.2421892238713967,89.50453104105756,56.46771323969076,8.731826662780925,2
14,12.491018548177104,5.214485913493141,135.75165085600017,77.57119065412799,17.837941222619392,2
3,22.98891579541865,5.483787901211715,21.448665852859357,13.529174152154644,8.482313410553763,1
1,21.184597923559974,2.022974680577949,114.31263831755155,72.32690245986862,31.830858064921806,2
8,5.462981283855797,5.9093680999337215,118.12666958198065,50.38168409178459,38.81960042118651,2
3,24.659160624727914,1.2739134042681712,122.03011950334968,49.47436967289366,38.95260598333474,2
12,7.50877658326316,1.6110861762136948,58.723532796940354,45.01949746454322,35.277488478138785,2
10,7.490710829856069,1.5132366158091437,134.24843574050027,14.857586013292838,26.02772522688667,1
7,16.572258263908992,5.416943405043288,34.622637813084225,16.29137962153125,29.530299403535796,1
10,18.19525811040939,4.09860903778729,51.883253834688134,52.06384039613603,14.982203093814492,2
5,17.822500027296524,1.3365735577225009,160.39520746471712,33.86710000048908,27.07696470604172,2
10,3.6531182845348913,2.9217788010259196,138.19570411625062,74.20876466043765,20.94773423039571,2
5,26.44636501628103,3.884139137883911,22.19928864181524,38.46133761516306,21.870606892192637,2
14,8.702401235072475,0.9590524674416081,59.74020165916804,20.029702109184875,31.52217961313053,1
7,4.755932717201321,5.353290026240363,54.305037278906326,60.03031834514252,14.867142445903808,2
9,26.773694316200338,4.919819444928444,63.32901248591561,30.53473950087069,16.131386409308195,2
12,28.713893448662848,3.2786372546715103,59.609563244781825,46.78292151491252,37.36246268950228,2
5,26.00170090069807,5.819196383925437,30.004207318855318,58.8482949853619,6.967850319784029,1
1,24.475966167021465,2.797685386013048,93.43048265549126,73.01848778414492,21.997200444466912,2
10,20.00201743853163,5.912606754700738,137.23735596578643,65.45338363611734,36.94802801427516,2
10,16.97486374766504,4.173559993419949,117.07707595478982,57.345274751090685,26.362705273635495,2
1,3.522616037430894,3.990692002896678,127.65946697569277,57.57432276766005,24.124247597424624,2
2,12.845143179050263,1.4127519241268174,32.98386856579826,76.21472508224606,13.741046273027433,1
14,11.807966993357105,5.350602670675542,172.23851362828594,30.707686824757523,17.01464211725569,2
6,8.53285972904946,2.8511932835633833,154.15869341488397,10.077846593733119,34.82169455316425,2
9,21.979183296968962,1.3922837318036365,148.81445095930604,29.036819157873907,24.572634611896035,2
8,15.380396317284353,0.5693413598666748,151.6774088066828,25.25239657387208,23.015976781487296,1
13,3.35034026132179,3.5786562600111043,169.2336813012418,56.32842095797987,8.485289973901011,2
5,7.3853128565445285,3.4006979216747197,107.08063457819163,54.359811983587036,5.560985475929309,2
1,20.814504146128282,4.4564449230303715,52.04512285882014,51.54229678933067,38.728981604046716,2
13,3.2077949252187055,5.396419291597912,118.68537725640658,11.137041024661759,18.194515855039455,2
7,25.68500050741429,0.9367362155366623,138.86103898687026,61.014463811545326,26.11245717348265,2
5,15.359249283405255,4.523230696871993,138.06678293664407,32.64712887398441,7.790027561554975,2
6,14.937010742472792,1.5307656925367021,103.43184386670082,56.553919230464174,28.90900000030663,2
13,18.17982575512601,5.219973792364402,30.95339509337249,48.96048999515073,37.639834804708634,2
7,24.915748011829326,5.004849326239109,79.37807014882046,33.9911647799535,25.14828385490969,2
3,11.086467029163598,3.474365652420494,167.32265735413716,19.42033869728754,9.414036283139371,1
12,20.662468424212843,4.406335392428213,113.51182556118816,16.609322836233666,25.360253461571684,2
10,17.40622695587794,2.228925622510616,106.13311092091415,68.20628331785565,31.82215245866283,2
3,8.743819834913218,3.0914234441304806,63.01656230115096,74.28782794570905,19.224578780090653,2
5,26.480269604299583,5.019002937407594,78.95182718665262,55.48516327350097,35.794321177951375,2
6,24.125354626600917,3.0259585844526766,163.25537426450708,17.240388040233835,27.703903367507756,2
9,20.09510320509434,2.46789045928993,126.63408760429371,38.14190518217685,36.47371214012209,2
13,25.666870143733014,3.2181684598766496,145.98192428037325,61.025744007361006,26.822685893656804,2
14,26.15153182783427,5.055370888404701,92.69526769082482,64.58746188070477,9.595079020168848,2
12,21.54252632473601,2.3436442605398,120.83955511298527,18.2753035603762,15.83920988868162,2
5,25.273386522546488,1.4556887622465908,59.7413773989132,10.002150319176769,12.062823188835992,0
1,21.226672388409227,4.416077111819295,132.8737328453578,59.84959321164235,36.808927420090185,2
14,20.724082381048714,5.04288016989445,88.41621339253396,34.9617323190344,31.614002355061892,2
14,18.939729968240346,1.0535061318794332,90.80728237035929,27.813693213278217,28.67394291185021,1
14,22.828782547171595,1.819307620157696,123.89157193230106,10.902822885266781,15.533821187106758,2
4,5.599548053499137,1.2808459436854664,169.80489943502826,47.82095847330498,11.441567021757473,1
5,26.545252016768924,2.4136777637019167,30.241015457379348,69.58055147981872,31.475788079611913,2
12,26.283462304611728,2.9769303839797696,151.95891797552122,77.03421523908115,21.595528105767787,2
10,1.8481712080022152,4.618544853298186,66.7812976659509,49.60214654293024,12.902634325272018,2
10,24.948685766378116,4.081311716849208,91.02711272102044,46.012292941792595,26.581769235784627,2
5,4.7372261567299105,3.9151071211313715,23.506132604001433,15.953946984246876,6.411684824845819,1
7,10.718446773515115,2.4380622063530994,68.16737245349009,48.42109610798198,16.415958894488874,2
4,22.561739432456626,5.1279615419661795,100.42099882082087,36.598535527577624,21.399494810689713,2
1,5.662036985400938,3.092079420689905,28.988172375590242,52.499469661850384,10.178541693829205,1
14,24.721043699452803,5.88507715908335,98.57531670130642,37.21084435135827,39.46290671567939,2
14,25.131891160774515,3.987781760626553,168.33770061734836,26.82093864152567,12.3184077606365,1
5,15.71656427906425,1.194456078604765,36.862914897248835,16.647569265986355,9.562359551514295,0
7,1.185190279788174,4.2189765914148865,142.3105164920807,32.0442911212227,12.123720586041374,2
10,9.324105862072471,2.2880720848743445,85.54736854015883,16.76513840014266,31.917139660590347,2
10,18.890880632896526,4.274799581773536,124.82779432389408,22.382786557678877,19.8926980745145,2
6,29.45439916279528,0.8830263148932316,61.63785567763669,79.11353110056821,24.78955789133883,2
5,19.322592283483385,1.4618479044677766,45.51876200661732,41.087248983463304,5.735320494522626,1
4,8.534303850860635,5.206554923981825,45.67401828339623,47.23102365535116,6.20509580006601,1
2,19.386165389888728,1.7494875636293319,31.278711302903144,71.15329701160508,20.603894243945568,2
4,16.65957601175981,5.103726188836171,49.70347278419888,79.68982303434815,33.582933512056826,2
10,23.615516459383166,2.036018486499257,126.27510159823493,50.79001145412771,35.98336075476478,2
10,4.102438525981794,4.035850505322892,161.07049789496128,66.87316747309202,8.034729865847407,2
3,23.069809172558813,4.31782815430407,150.26010969458588,32.88587170356727,23.8427085735358,2
10,16.696730781607197,3.319601142297791,129.62148957991747,31.402077021310376,36.96303901977447,2
1,28.926768111910846,2.179208721832022,37.66909814577643,38.189260469619214,18.57904640392602,2
8,10.914292815121897,1.6695440700410287,66.26999140735197,57.07550838715544,34.0348040999929,2
5,19.346034900884497,0.6825414500933442,69.56910005159503,57.753418247856914,9.679347903980268,1
13,28.028815059790507,2.171705206823981,59.993111423619396,32.06676042546155,37.738807138372955,2
4,3.9727821117296984,4.092395347922057,102.4009055535557,19.32469468956401,31.299816113595593,2
8,28.179626129857084,5.6606765014666545,105.6886103807476,54.2677379525856,37.946703747541555,2
7,20.948685946723586,5.291624652446786,77.10175602737763,18.982810353213516,28.681603174337727,2
2,2.967274714049985,4.713356270944164,76.60626539782976,50.494475576053105,17.719137619979946,2
1,9.727943441457672,4.836460387893143,152.568895664973,58.53954896394163,37.83634103836528,2
12,21.536990570713165,4.157416969117974,146.2868557311497,59.04280474761161,14.644837170821246,2
11,2.9531674425943795,1.9315777166130166,69.2473330689193,62.74304774617177,16.62603827216064,2
4,17.882943345111926,5.489572668882064,166.2061510197215,71.10015950959652,29.528294630060913,2
8,11.030608651635745,4.189027715482087,172.45040272040097,44.99712943753519,31.78607048338852,2
12,19.006550015256835,3.5824234703924196,72.27880672480653,61.11744326706998,37.529121934720386,2
2,2.3265189805628728,1.110442080674146,76.70799180688877,53.34209147560857,12.168084316967333,1
3,26.27456737841891,2.95880549093534,100.90146454751341,23.06479578583778,32.92993123267284,2
12,29.23118010614451,3.0319704916105947,170.57933000538776,11.798275140858571,30.849111868893722,2
1,29.097457803285053,5.255099852374685,160.21110930276984,29.917896997385363,7.232809468875925,2
1,22.739903120544817,3.5065652110328367,36.41087401337437,41.01235944363336,18.552809942357243,2
13,4.772500963788327,2.592203019337253,82.8369189234266,53.19741611000594,14.896790997103452,2
3,22.989632681941654,5.872401806808626,108.53939035996349,69.49715313522438,15.657164852391064,2
11,1.7130205773052438,1.1089632632947362,100.5011956082464,23.737200169431595,39.40314078441453,1
5,1.6415829943409204,2.8240163557156954,51.01809086990283,18.788485292893398,27.497209471797476,1
12,10.384696355336697,0.7311357134427291,157.41068338690474,77.44359632320293,30.118665522772485,2
3,15.170652521735306,4.569472664218117,128.31052527949396,17.5631191563485,39.18161730602532,2
1,23.341815116426,5.549421037095328,154.06533997628858,43.49437490750324,18.202062386017353,2
1,20.81556592158865,2.040205312527692,157.40228469591554,50.989461015531134,33.06440589584821,2
8,13.931178484925702,5.2208792223951646,139.73693658651837,47.89620946352068,20.208583715657337,2
10,8.93517332216831,2.1072002675404375,90.27369619995477,16.022250992306024,35.43367851352429,2
11,29.916610504573622,5.509235889041534,117.68748080246793,13.991883980253355,11.32301394589561,1
12,13.359257764843216,4.646790469782312,45.65846497915891,17.383839922272497,38.16901619724979,1
13,14.09022370556059,4.926987272627913,127.78326679598523,50.99113787108288,12.657009794380787,2
13,5.745090814558406,0.5990360558024997,48.68052091828492,48.10414213440248,16.417717744332606,1
12,24.049476913747952,5.795456963907143,131.0319344816251,26.361855442572097,31.466728193737318,2
14,21.11678454766317,4.496690456386778,56.73570572063498,54.64418992919141,18.781429954789232,2
2,7.402318770874052,2.176131024623733,38.808208024035196,67.40472514389546,26.287398186825634,2
13,3.389050322859438,5.061670656723658,46.44551842287319,12.910527189261565,20.560072537429996,1
3,20.73447976016668,2.0483665912821145,20.318741635051243,44.86909604836297,30.982947798142362,2
2,19.980825214152922,5.3001461176137035,134.99833885656483,58.25172884718832,12.99159383290138,2
3,8.92452628294807,1.1191921472656536,137.18416784934067,27.661834894878094,7.046029553290696,1
7,28.5750433052619,4.3702728760343765,102.38933598612151,31.543963370520437,15.497528911557318,2
1,5.380678861646107,3.473841621547007,45.818048168861395,52.95465320925687,21.60080327039506,2
10,13.537709230235455,1.0309395860749244,33.36869400171036,72.85547054106158,10.88070182674375,1
8,28.36486168486037,1.8304160554236144,23.06063462996592,66.69470942120296,17.417905137973605,2
13,13.172092190857548,0.5682221995252313,46.51970831443531,50.819115336970846,18.9994056402749,1
10,19.51725248225848,3.078223810054782,162.53688559730347,61.115520243007445,7.008714529089574,2
10,12.530237540921034,2.156958934180002,58.64589467226908,35.537572914545905,25.415753686447157,2
10,8.952240868111431,3.7909661636376732,76.68341235475451,54.86758696691304,35.95201997899507,2
14,29.53535179083502,2.1348079423973942,36.855277517013306,42.63271137892899,10.311001953356834,1
2,12.870686183136247,2.149555113288416,55.577808759707246,23.295529552029265,25.92328046905299,1
3,26.9288769066949,4.587562593023819,103.07593132483282,59.121679171408005,28.265872171879618,2
9,7.668683570841499,0.7647855978809439,117.24042929530441,48.95252461441754,19.67671381467509,2
7,7.1800364167274155,5.4659224735559295,59.25637026659377,35.103510736751396,29.53841555774945,2
4,1.9028884036508296,5.187451309151498,29.237145476018753,73.79374330550415,19.37560402218542,2
10,19.898337935900667,4.172925757745236,82.56525906038378,11.465388247871328,22.66230507921022,2
5,11.687263967989074,3.7627186355906135,57.47253934821346,32.10412058746472,5.257356559404944,1
2,26.066389245349473,5.407663739768087,55.12862771676831,13.98169784443526,29.21020399471411,1
13,14.723087294055158,1.5193159874079294,173.57804843415283,63.6569121355139,28.146993763065353,2
11,29.07760940952693,0.9343303920495574,118.60807774811585,59.14752178796548,6.34403070642206,1
13,6.380239955390513,1.8173059345024596,109.10055090753534,33.19465531154219,17.888753758829658,2
8,26.190071870712714,4.870180532851046,86.52401656373151,57.29640315449511,39.26611442770836,2
4,23.52130873096051,0.6906864669956583,88.63109334882309,37.71560583371649,19.725779689901586,2
9,23.356733494677506,3.7054375929591927,106.54480061409294,62.9377653995704,22.56808917961446,2
5,25.498713615389743,5.974906339052205,131.42876912577717,41.79285639156943,36.847555535590146,2
13,23.06969573734697,5.206328516106467,132.34337538909273,38.85958094821659,30.104165655301475,2
9,19.160389327311048,3.367951289739742,47.47102523287193,75.43109408418107,25.372454589347825,2
4,4.80610145278924,0.8500250010765329,100.01804033226031,27.561536992349016,32.92316384693754,1
10,1.9432592052463056,5.072554329121404,85.91329520545631,18.43131379975958,35.25281932595907,2
5,27.70458758665492,3.794381794974658,159.28431460310148,50.91801792816207,20.99108251080434,2
9,18.882859121101404,1.1321314838276175,121.02702739494022,77.85252685989252,21.62879277261424,2
8,24.099581438309112,1.016215066528459,105.20065062655709,36.44874496090307,18.51178274781425,2
3,14.964148193863952,5.502947506901259,38.46314274862678,14.342573454014707,38.83471490064612,1
1,4.40193747990944,4.180601446159431,116.90206229174584,33.75136871166972,29.400818900162264,2
3,4.630387973873963,5.061077396242156,38.75262490883735,45.41521580236909,7.91280731728253,1
4,20.88139332964017,5.3343839515524705,73.95305209052033,21.334610464254958,35.203586815955646,2
2,13.478870952084417,3.644747936265772,42.854714370293095,56.06715526395444,21.81959792926938,2
1,6.815217074309765,3.345954934652727,130.73178352389903,79.84245723071405,7.406386724787062,2
7,15.256241855501669,2.867350756765446,53.00033821378442,41.62176331870107,24.240103930715886,2
8,2.8620591751788886,2.243206232851156,82.69749971008416,34.83099897111488,19.600749764149572,2
7,17.877170655517563,2.890277784722915,163.30796441900458,38.049291678412665,35.72122917019187,2
14,8.800808728617833,4.7563381065158605,52.69062134383525,18.06023248766408,12.139811126328558,1
5,24.129213918478456,3.8105788705832238,101.24881023340465,71.82915209983567,33.9262613322264,2
12,10.00049680878364,5.408878094751653,87.08346578656352,39.037795886494635,24.519104191490847,2
1,14.201384323372235,2.9385900790855324,22.899846567316757,37.109208799738894,6.911360612471417,1
7,1.3369956573349184,3.838992682953147,146.84129817165004,56.178319105133205,39.01458554639196,2
13,3.1009597460422076,3.972191542005938,31.047345010335956,40.94233946517865,22.941533543611996,2
7,12.38231313579386,3.7543343926847905,95.88080335631258,55.376342816549226,15.180689898105387,2
9,14.918226206796582,4.36448575197034,109.70852719023199,14.301240309155126,21.429239469624033,2
3,18.40059589545981,1.8058840760614345,120.54823305833393,66.96063406055592,35.02502242311212,2
9,9.458214782569794,3.3180007765018487,130.1810606892601,75.83527670155819,15.671609353477223,2
14,21.154474697669734,1.0732364154459122,60.52358136363441,55.41357703115702,11.74367387703451,1
1,25.943549518486932,2.614812302046469,21.5966042653519,76.81961502011676,9.51749364258085,1
1,23.615678677907145,3.182168877416954,135.7509859767859,20.60026200589743,15.425078943657393,2
14,2.148945935102357,4.087233427500099,105.70505589561257,43.41913326362476,32.30168304640152,2
4,14.934701470477039,5.727920789224119,153.7788325131598,52.12647137618131,21.50692278183416,2
9,4.042975174127071,3.8035808660159574,151.4221380641111,50.72156531948307,12.9618561292739,2
6,8.019305460013296,4.5897665389710784,154.9321868460613,38.10232453623303,10.816474986341222,2
13,29.61321520474725,3.284463327223615,97.61514559672642,33.6659086556383,16.645531677863268,2
11,5.132370744143883,3.987572172569822,73.3805433338985,18.877681578529316,37.89735305099981,2
3,15.467756450089325,0.8901271887357538,146.6493124146192,37.421971539359475,17.005934940650853,2
1,18.926516295225454,1.8991536946301584,92.2070580846808,21.386257057383958,39.58434265841224,2
4,21.371484145779014,2.490192012628263,49.35075142454952,61.40559735445529,21.983065951787466,2
12,17.22981182112051,3.098713452535825,156.7958431298359,24.6181654846213,11.27073714015528,1
13,1.2833545751563262,0.7510681002631105,161.20958028357558,14.09957136991737,36.18990321277283,1
9,10.467377939075766,1.2701325365432472,94.60956098242721,48.6656296472064,21.11243805971894,2
3,16.013637658156632,2.022478692852182,32.111956369565995,51.666081290358115,29.838497022658355,2
12,3.5481284752001674,5.8434297999557785,82.052174386709,71.03391428963539,39.42990541232031,2
9,11.168181005066241,2.322408539066779,148.56602551401653,50.38871286923773,6.75613726119909,2
7,1.9628901549496303,3.151225819616454,164.28384456739659,34.183659760641206,8.38430959256485,2
12,3.2787764174956013,1.5785374200611613,52.55563879961534,66.21083170684244,30.215985951196465,1
14,12.510775009846286,3.8592903909167253,30.715777924043444,47.819522523119474,14.86387511534152,2
4,4.84875686724875,2.0437576853378587,160.37607250125419,15.549619924183421,11.450548893253467,1
3,17.458684599585187,1.6384591814113474,82.30479023662005,49.609539221927264,6.377665793690532,2
10,20.994484104980707,3.341149456452885,106.68175428281012,73.56129817951637,5.764634919517063,2
5,24.217014274163404,0.5302818953823145,174.89052992812142,37.74188378487544,32.10699610919268,2
5,6.804357083099493,0.5421521795707394,30.650356466275657,30.742806132986004,9.705169957934249,1
3,5.856994885513023,1.7048784500602179,123.73088119233529,20.042861991261404,21.37022155899028,2
12,4.032467369697607,0.7019674937545163,31.856867611978732,20.601186535475012,26.206388531281906,1
9,19.456477236765465,1.0941416477188026,80.07502855464006,40.29400390392732,19.992313019909616,2
4,21.487796068120133,2.3637335713631336,148.61032723095147,51.69758769130707,5.948732831768159,2
11,1.915998199943619,4.914221237688971,89.3555572409015,15.643078361872123,32.422552590576814,2
5,28.150155141067003,3.6462675385311547,179.54917662447207,75.7698012317616,5.367962858957872,2
4,2.5071672258927,3.31967249276029,109.44948559145635,62.859353221163715,31.66614630321194,2
5,16.697593723731043,2.114188527644669,71.38594442175255,51.063674279856386,36.2656572825843,2
7,21.562755064076576,5.62464545688049,55.2178121447605,67.99070696572936,20.14939723700103,2
9,26.25810458863648,2.6835827268045542,76.0832854857859,15.613072976847931,23.74398655842294,2
7,21.708521031840405,0.9790102173767432,79.60532380152813,43.37872144131871,21.69441874161788,2
13,24.25011440902396,3.893865838647907,30.994188435833756,54.106518880316436,18.622301651820358,2
5,10.844055583741376,1.1261111641213077,79.1318719082837,68.00570342828024,36.059858737962614,2
10,24.629928298648856,2.3987272854093065,94.27816315827599,64.84286920344874,36.287672873449665,2
10,3.3233305451555792,3.290765662947949,135.63804035820874,29.394847479937976,16.753572762453707,2
7,26.949683025755302,5.3082238857684665,125.07671755545728,75.8616118691443,26.52744139051443,2
14,16.88017890845835,3.214506191870653,133.40250483666466,18.704208900160925,37.44176467510525,2
10,24.701635328912317,4.362423213174154,21.338189100297136,71.25935330348065,38.672047462947305,2
5,14.117230251030705,5.960492614494887,54.82678393288577,77.9658174723233,22.813566414771664,2
3,19.663753160699223,1.223190159438899,125.86948614397704,22.40074662558379,20.848868184951435,1
7,16.26567716714728,2.0110233903573573,97.43829890875955,60.544624494264966,14.754301057498402,2
13,22.216096130904624,2.6701684157870553,20.85015610693535,12.819986314459893,38.56051556166435,1
11,3.367269478887098,2.8200549819635725,148.71914278909156,38.37959775974085,9.998500656550357,2
11,2.75021043572635,2.7606159139605015,143.64953172645397,46.13983094383718,25.294035161670376,2
2,8.165993786294248,5.491860514061052,107.74706607897002,50.64516581367439,14.88925936315236,2
12,5.626795723282462,4.427179544567711,30.63413212420354,75.51560737739916,14.765290162172882,2
9,26.281723431173848,3.8434786774988705,142.64240792521355,57.05754811059363,19.173900558166594,2
10,7.357205633383285,2.2015499482453014,113.39417403701823,43.68945658534659,39.95775275354791,2
10,29.300092418754808,5.030847113217121,145.11359634527346,66.67725253861225,6.923820739393772,2
12,10.769977961362098,5.752832813167439,140.27951878333448,76.53729746680862,25.2489636371236,2
1,6.281419554972279,5.016590554026246,148.48033151325393,11.544630407760359,7.890025531234701,1
13,23.901256707131896,0.508608078553101,102.88129062473998,78.7764890579227,10.408229049668165,1
6,20.10252548952541,4.000207536008739,42.451922910962395,16.029249734457622,20.384702962051456,1
7,15.447675777141031,0.781244597931554,127.38519574075019,67.00707454881329,22.866104597125446,2
14,17.105542977191305,1.91683971183547,119.2758056083153,29.623432678598874,14.05773429275834,2
13,21.85685156989565,0.8273858519127443,138.76050995185395,19.25257604277102,16.075999580604567,1
8,7.625187498607663,3.8208749912216327,47.180960968117645,40.78989477996844,8.043845708957658,1
10,29.893683565645517,4.276244524209337,51.19603198404627,55.076960561332946,15.612692434548768,2
9,29.26900170225671,1.1296820093624782,162.46552275509256,36.66662915164325,38.82954537831904,2
2,19.85944490406117,2.6111138567473873,139.99644775233133,13.819578579788928,38.06475835853686,2
11,6.786731076945209,3.009300799255481,165.31655819205167,51.962279776110165,16.720740154794477,2
10,20.726619030507447,2.5297916196850414,141.39445138622733,73.16822932774724,24.979887769756655,2
2,3.0937538603960997,1.1656375026685617,115.5448489584483,36.825075616307615,36.83583868888305,2
5,1.888922563968376,2.8042128460311146,124.66123792445978,25.143294434157895,5.216433792431384,1
13,8.472803766825198,4.6314792629463,162.26046783040158,40.980414215297074,33.37392496181572,2
5,14.416065745440173,0.8905421549329051,112.60908072191049,13.385389773414662,38.192934347612166,1
6,26.179902656843034,0.9409900774504689,121.18261189254198,67.43413091361924,8.196400701674497,1
3,22.087903023222932,2.451242105097913,45.03627456057609,67.84385676651307,10.650669011152235,1
8,22.53848911479945,5.6794914139040875,95.82739521857644,51.16003244007399,38.62612059699744,2
13,13.339306698994186,4.177149556976027,134.62353791329582,34.71720222568726,23.81390502741212,2
1,11.032114783861925,4.232684761699106,63.35083173061847,65.98483551120484,5.49688220651033,2
6,11.760124126553478,2.490559949608257,52.360668883925584,48.8280917351857,14.017119956723521,2
4,29.64183734834568,3.7651343516469615,70.21228931590649,67.81526159850114,20.748028599410087,2
1,2.163166550961992,0.5557215121525886,58.640100478853356,54.20211548081144,29.25181188586687,1
7,26.14391338755101,3.998528255252482,54.386021925823336,64.9083831248958,30.660613234787984,2
9,17.78158684859941,5.5230782116693025,87.97613485889391,51.8994095252432,39.83975295239097,2
13,13.719847156498123,3.8691540758965055,165.25416222136545,38.98987477509664,15.062891978431566,2
4,22.03247215203896,5.3053422640648975,101.12954347819493,77.05621019482963,23.837703565396634,2
4,15.113399301316383,4.481851805063516,50.06726093045168,47.87796774151913,23.666324175086174,2
6,26.329273904368158,1.1630712902202964,32.315467100939856,52.356266297837685,19.197584080653314,1
12,27.120354056326498,5.463493190072129,131.38498322206803,25.434134759032446,10.920666284484707,1
3,13.229906879330207,0.8654411439567619,81.24780230982205,53.79555525990936,39.21097971143449,2
13,9.028006119816496,3.436821099012701,151.4929514536575,50.01253546380607,34.86610153333051,2
12,18.178159529207505,1.2817541808640172,125.52172298252323,22.938687856291747,22.4416559902983,1
6,27.458537022884038,0.5643863590199724,147.39863208661896,14.171096814720059,26.113589793941042,1
7,7.1092034811643305,2.8211884307020147,63.5113663069518,52.305152380033974,12.95413687458818,2
11,19.066030923341,2.1227238920978593,130.7774275937693,63.45845885452243,24.03254746371114,2
10,19.315246382683096,3.173002715886817,62.24991755099501,46.638095964540575,29.323954659251655,2
10,22.260277650043147,3.6745993770400296,170.25095671204664,25.8740837723752,23.03084599353061,2
3,4.815462868690535,0.7405648976992105,121.8198850453399,56.65653836851244,39.659980970472944,2
7,21.75892397578057,1.176518123180601,71.92188802805474,15.607400862672158,26.396957968670417,1
14,27.361943099303588,3.5725331804773393,63.121897966763626,40.92835933613682,17.984079940725916,2
3,6.210810157237017,2.38742044244962,50.54825361146296,21.435673087889413,32.02532096655433,1
13,7.888756422792452,4.510454181521964,131.14255342299646,22.912133574191834,10.966187905357472,1
13,29.17045772720755,4.087604067255668,54.99449807966837,24.160576441074255,18.45805347971933,1
2,6.248331628575203,5.150823996444488,115.24852254839826,37.06949399307845,17.143563263215505,2
12,25.777167707717794,4.308710546680739,62.34160430805717,13.580514393427833,20.113248328772205,2
14,15.276057836993008,2.8646209256458146,125.91503116701898,37.845540865036874,32.36229390750542,2
10,8.169701157692135,4.201316423169378,150.39035656648628,45.81952129802906,21.94605612571926,2
4,26.251747136902832,2.014596458404802,144.4840389031445,43.83059994764277,32.7905057593087,2
12,13.9138523950773,2.1847242432801695,141.73621294892507,36.79488702821284,25.177111609895306,2
8,15.929703263961015,4.839418379564363,50.035584910760335,68.74026256495267,16.972430213014437,2
13,11.417767712593205,2.955307340208702,34.141591517523,20.172868469435286,33.34925602892153,1
9,18.195574691612894,4.8910918728509385,131.8318125579817,45.398772064696175,13.340138469358205,2
7,5.74219230496566,5.023323055175531,78.9355542070962,14.3428991869588,12.853404292992842,1
1,12.341364562901061,5.21659285713706,89.17539622453558,14.980897521453683,22.65760234191925,2
3,29.112957347723338,5.54149379712664,24.98385484694257,50.17060947739674,14.129723608673112,2
13,8.485869548332698,2.8704187128231293,61.53223188400787,49.62128974214747,5.318046223292571,2
12,20.045363271697475,2.253767500766264,25.388224619914244,71.462345899112,27.690413455458053,2
14,10.430511862516152,3.7020931062676263,160.66972361619963,49.05115729620512,22.88828375153393,2
9,23.430720644911418,2.541448328906952,58.94346931496487,77.18537142833951,20.593123507260643,2
12,4.795336160832145,3.805907917401281,109.17394713168129,13.408639387995084,38.84389801164104,2
1,29.124810307277798,4.380722244541035,26.236691305780866,16.860537934651873,24.99197143870198,1
9,14.159896700125538,4.286227601706752,126.69558260890528,13.084610309926697,35.22010522262846,2
8,7.845463437047455,2.5600408786106676,71.68437532065502,22.9693795233478,9.880758267180607,1
1,3.131405672570367,1.4177311093431406,163.66706991322653,47.888907765917466,24.92222620952997,2
6,5.922979247538682,2.8679113615421414,162.09891022944572,55.19005269991996,35.379286935581604,2
5,16.07344450812451,1.284267792450498,72.04649893787965,13.190961056406817,25.40870150479643,1
6,10.773092116507303,5.395533693510946,164.15374331047485,76.21796228919195,30.130496234445054,2
10,25.037617610595674,2.4023260340582158,179.38522775980462,68.95157636552668,18.02152487342726,2
12,13.495738186192373,1.3495286097282808,152.0665062598317,30.76287375099652,8.23573309629733,1
13,8.212713905041268,0.6399626794816298,155.17941564083662,15.403127115852758,21.0265103294475,1
13,18.897204611516873,4.052023124575664,59.84139777745439,21.89209512533401,18.806778679360015,1
13,21.49653928967793,4.002962746001088,112.272383817241,18.886108962848088,35.34710638326315,2
5,5.844215329127546,2.373322916197104,30.760946234778856,18.62986455092628,13.53983558233653,1
6,5.860957272361212,0.8944153886620805,35.186869891467154,46.29931820660138,38.835697963728784,1
5,2.063471381072746,2.752958921923776,179.8228179253265,27.20932097453802,38.534834193157366,2
11,22.355658436903575,2.2116962228486647,72.26227990814576,35.069780157040114,13.667107507500354,2
12,20.250331301032347,4.224163518542552,139.7094259278154,79.26537333690257,17.181818441706216,2
5,14.764295396744602,3.831785871989797,149.06640848429063,57.90199742477413,36.34445093058598,2
4,25.480943020106718,2.50526550508647,157.28372336115666,76.42864669329009,38.831777731363765,2
3,24.36443443555154,1.6984090484024454,179.62052758434504,19.978958852318094,20.52036859926154,2
3,17.975276567505812,5.934197813855755,58.63943764109885,36.74976323827985,16.234896597431423,2
4,26.1798671348845,2.9970089165786318,26.456132297551953,48.8312262297648,23.41329046380397,2
9,6.969395091066279,4.285508296791304,85.79064287913376,15.373064332211662,29.07192222280072,2
2,4.245668962534109,1.2730413216809842,40.81290717263151,10.293121053957051,14.571608038124293,1
9,8.822738733992699,3.170743348126688,23.58814226592882,56.93040336578423,30.776561111667547,2
1,2.655518826590131,0.6514519592820602,77.66829234263778,54.92736617610048,6.808007499012437,1
14,16.403916312029928,3.2800031485074745,145.39812017203784,38.75521669997282,6.725307246754575,2
1,28.161565076553885,5.802095739147363,110.58891059601135,44.27508532224228,18.520069680094082,2
5,2.1409626793867798,2.6131369214219013,70.04447827365665,39.08101004144628,17.37156172212522,2
6,4.541187506290777,0.7144780691620137,124.69472087883516,11.68035313914222,16.04716253785033,1
6,14.113771820219624,0.6702568500563895,57.12290884940971,33.47601243522237,22.18569169341185,1
3,28.08237550830924,2.6339271797077823,22.301031371533604,22.39575787781029,16.225675380904995,1
7,10.168527044325765,1.3801371505475672,142.29654182982839,16.889693237095813,11.729027146383217,1
9,15.70980945196338,0.6284365298050225,119.79889357824146,76.97043037225448,15.831434218101032,2
11,2.205612912461371,4.659174876725973,141.9684199201536,51.95518075295159,39.12164954835822,2
12,5.3019528279005765,3.0218765488503987,26.230082670026498,61.00593989656219,19.3889695948197,2
10,29.61227356580656,2.0908462458495998,153.93914045290435,32.07546202862822,20.56494719004175,2
8,28.98844219664532,5.450457506590644,119.12419200580854,37.52029906458107,25.1790746482899,2
6,1.1432594470978787,1.1387642811028909,110.14325611402242,26.584679572770643,39.416926894497934,1
12,28.60254177727393,5.757553559254256,119.93824769832506,16.78759696757973,13.456044675251706,1
8,19.53447819664951,2.2268169455754405,158.30931949893827,22.532214620910864,28.844873868635183,2
12,26.169630541080643,5.386220197697747,113.90984104942513,65.825983170754,30.059464273960344,2
5,14.187455813381915,3.8161858206370383,112.95206078210869,57.42820636286431,26.256354587757308,2
8,15.952284828798257,5.046890478578181,178.50866513052253,48.28502131898338,8.100241887282543,2
10,15.176550827450685,5.912072397657553,141.07682673097088,43.256291100673764,28.690529653965175,2
12,20.339063468837026,2.0862299080031015,90.76700887218165,74.57039985592871,7.243314886266141,2
4,5.049886387933074,5.786245169741761,133.18352000526843,15.091446344506789,25.864992734246393,2
10,1.8692341063076605,2.642150421963312,82.27687547068615,29.642056926654117,30.885341202760994,2
8,9.929968306144536,2.6203154760530727,56.62007399735984,34.49564974994998,12.383946171698264,1
10,21.435742119362754,2.3721290733997815,115.4963003020415,64.76980685489515,34.45677026399709,2
12,6.853750111565502,3.4777418404117184,168.50913569823223,79.47602341133799,6.062383193655149,2
2,20.529540566422604,1.347797737481679,168.66232320247403,26.846936033000716,34.533450228040714,1
12,29.127449337110843,3.5454131694690614,74.70484449687845,71.20151338959565,21.111516772496778,2
12,3.7231207578931333,3.479376468255022,104.42839459547119,68.14359323022539,12.615577897607558,2
5,20.505461428528662,4.690459969326785,53.86174377117779,25.726017834923663,9.682235074788881,1
9,13.868756359832563,5.08507479065672,179.30097751982134,37.95328061394558,38.36575086538304,2
4,26.176125376947656,2.922427426718332,176.97886525886972,38.677100850476336,7.543295565340484,2
11,6.137343893974191,2.1628328714332157,123.92142875319158,78.47544679685909,11.968269697757398,2
6,21.08615261455877,1.9263419352440196,148.70624954839573,22.662433096522882,17.17378216015661,2
1,25.305343399795195,1.5704311018767956,134.416025805392,65.94105797733474,26.708219713639217,2
9,28.393812364746672,0.8170617020946369,114.90531504631491,33.39348999211769,24.068037984663444,2
1,20.81419282039973,2.3834638835909234,28.53567951822363,61.16092420433123,9.39752223443099,1
5,15.418068156244392,1.986362306719308,92.76229480842576,39.4007703006964,15.140479430837512,2
4,18.917569965835202,5.81529562226524,127.96580834678568,50.4851834181578,13.356311988010843,2
13,26.19824454988283,3.5673985443752416,128.40505822138954,68.28282413282918,12.473999907161948,2
12,17.54768265252606,2.4100237146677914,79.69961894758137,66.29158954887188,19.390051776799545,2
13,1.881224731208269,3.692571805465328,170.6707178652849,70.64962284777901,29.641100840707992,2
13,27.997512169702357,1.2655818574013253,46.77712515788496,14.173212774126132,12.610852627603258,0
14,20.996275779915273,2.942240620612116,100.0575113944897,58.443538712782136,17.833760789604348,2
3,20.61888818754015,3.944288767815851,130.54143624813165,19.7991163705234,18.68210993944068,2
13,7.254579419533798,3.188938074858483,131.54172894268947,39.10729976128877,39.175978530239355,2
6,20.10767863674706,2.7097834035987836,123.78223308301048,48.40118905382819,38.41332249076741,2
2,12.422067763970595,5.96616613894834,64.04611415229763,38.19176393227815,33.004815396322655,2
3,19.885756334203272,5.341731191819099,44.99305098985951,46.37281730621052,13.45806222867148,1
5,4.091197878931731,3.9287327698769205,121.75045229227374,79.75684161590334,7.381305993208439,2
9,20.077513833488045,3.6315754865025553,115.88833858231004,19.465211959899833,16.091644820221866,2
2,29.98299804734933,3.913632639035212,48.69696164627855,57.28192317354979,14.33780923018408,2
10,2.398149126956125,1.6072165930233828,132.82226329129014,37.720067646993066,22.707403005123787,2
8,29.3380513424182,2.6732575879537523,92.82751867738503,19.310685923513013,32.220476852372755,2
14,12.800330860963248,0.7170274308999462,126.84169465650447,21.111573436201667,35.04130286076003,1
2,26.251850059780516,3.1155032061775465,153.97873276322412,76.44911743719318,34.5702429893678,2
11,23.68917903768993,3.4866352117671475,47.156548572307706,71.57210476982334,17.588644642807374,2
13,17.443471568613365,1.7526235485676527,23.06317887949387,73.49293722905153,29.0532020211239,2
5,22.41502706828847,5.802158659410326,144.6564138233259,79.40729430791706,15.949196913347702,2
7,26.47695127773909,5.502000360154831,117.55158802441855,24.582077300596257,7.131694013231395,1
8,12.720069327879957,4.471787795007482,131.94233113953948,34.88075361548432,29.55478429610298,2
1,10.483961685333922,3.433626458209494,154.1047959981828,56.84533209474067,5.343964339942574,2
6,20.360208181343957,5.284830378062267,148.44974957192008,43.86617779024531,19.3213905610471,2
1,24.4275323162965,1.218587891029046,173.74722350861194,39.287267336483346,16.52827442557265,2
2,23.106268908521855,4.847803868511868,105.74961261633891,35.04678745349152,29.268213848159835,2
1,24.1365958169004,1.1865144768176656,98.15930122558485,51.56464423604165,31.818591546613263,2
11,13.631916129575057,4.8681586440217295,84.30195198251681,50.29154000480574,15.643312258994934,2
5,24.71719226907563,2.016721625382463,44.59056685507272,21.302048384496807,33.40694550556987,1
10,4.4860626057476445,5.323998195600039,111.6171572611236,43.021788626290736,15.287086617672681,2
9,16.790183840864636,5.692231516039688,64.3220038921566,48.743024334689494,20.621422599529645,2
6,1.1670011544455257,1.318377831728136,167.40920195407608,49.92008571119733,30.445648445494687,2
11,10.412989067107839,3.0447158278596644,113.31052868433561,24.707503503864626,29.2522080228676,2
11,11.627384511270538,5.895430579894768,114.85442888129762,61.958997457660075,39.557896530927,2
1,12.489008056668407,3.158740897852306,76.7879457403216,11.763936637474874,12.880635847557615,1
13,21.168548994006002,5.249511373829998,28.318296316433198,34.83822988802139,28.181126973885384,2
1,12.268184936840026,3.7380233717222593,25.07900245967818,64.61488539749435,26.338866789652208,2
2,14.01211505605339,2.56431449355781,87.7336230645116,49.47250447387816,37.028445907151045,2
9,7.888779795355497,2.071809555392286,33.53046049555806,28.281370275760217,10.472674957570627,1
3,11.824301957250862,1.6177270009734799,117.09551288642226,58.64671835401334,31.312935725542655,2
1,7.590819190631393,4.689890052577335,160.9556809023452,49.71736609092514,24.889401569406893,2
5,3.1226817892848655,2.625972787526653,161.26637064299555,65.7370526619471,14.613305442576689,2
7,18.50000920805996,3.3120150421041314,125.44726562115719,61.451763033287634,21.605221995151094,2
6,20.378171158095473,3.2077901400065008,53.797093035668965,52.70755454253643,16.682180897442922,2
12,18.965220034278822,3.675034660782222,158.07949301741954,44.17243727175698,25.275969097596132,2
1,14.441327270216599,5.260674300935038,161.7749496501133,19.32274879672664,36.115021378513305,2
5,12.013787625197665,5.894066389708862,51.46457359247339,28.293311251976863,24.92567445442707,2
5,26.036675837582933,2.741713147155993,137.98817372330836,39.33696310419597,27.110284641430443,2
6,16.053371768950324,5.051354071584667,65.84312782833968,51.95095009044721,23.15617464901483,2
3,14.896274451262197,4.7049028706009475,148.42244997646876,45.95954986507134,6.790792725591657,2
5,1.743619908386635,3.654409233005653,179.55806398457642,30.172916817167064,13.1500494906633,2
7,10.896187001158534,5.758259289865632,24.80416085270285,10.45250504527974,22.220060530122897,1
5,12.025672944789855,1.6026098354062153,163.5785385265491,44.736745533056975,15.858234931064667,2
5,12.565860646010114,1.1009531567029178,119.62088537578529,29.993819199357016,11.361725921641797,1
5,17.824998707592638,5.196790818254822,175.7412190663714,61.42258104973745,22.644649467145342,2
10,16.474473855079474,2.9153239914856157,94.40152280422842,11.676238568933844,16.29834277067476,2
10,18.629247691009894,5.158328698138833,155.5820688914198,50.93794679140536,14.033767511069515,2
3,23.18161458472172,5.411996128574782,29.983050975724357,75.90319662542458,21.23948961041333,2
1,24.57658642276671,0.8435167649048929,73.64464801252731,22.208648697804968,9.66494903287606,1
5,21.82556921056834,5.359056196423333,30.722646040193595,43.01546435254168,37.471100657639255,2
14,28.710187182693105,2.965754804531822,176.05490135665127,16.39953942719967,35.369573427173364,2
9,1.5287448976144873,3.307378689523277,150.7158251634939,53.797733858294684,29.766720500918737,2
14,6.677561584822837,3.9462588110126564,156.4075873993553,48.53721764173579,8.717483965595967,2
1,1.2193233743661214,5.595104337015477,170.07443702942308,38.51558669489826,32.15570390643926,2
3,19.776766710483486,0.6051385193637022,33.61655777916566,46.49639150316189,33.27850648381566,1
13,27.04288591954962,3.122639075747994,81.69561480213333,72.76022609283072,31.87176162000182,2
13,8.06098660071268,4.282471233368083,31.36558224704034,23.74060116177469,8.98880604917344,1
4,27.884001799092893,4.474888267340257,53.72689624800458,11.579515819374306,27.536778497371763,1
14,2.7477543183972646,4.308928373454094,56.69852432602758,70.31654192893707,34.20136785122895,2
1,28.098644777359915,1.2393932117446702,95.05715376761259,50.39819576715345,25.20736904268837,2
1,11.197057929949398,2.146675736044247,62.96994679258282,72.34609188232898,27.624258132983115,2
8,3.941204025027279,2.472935389793574,36.156497090841775,51.78616563892208,21.042721779920715,2
2,15.090281016403443,4.924404642237278,46.79857425505723,66.71127629717918,23.50475619594184,2
12,8.44652046389473,2.0331792982800416,43.564090168334545,40.07713543486035,6.203190042310382,1
8,9.261314156895763,1.6588773012696174,175.69228766596774,62.49019519017882,27.36370576906496,2
7,9.91140898286231,5.765964104709529,141.4868011069558,73.91290268228991,7.850652451190571,2
10,24.28775103714724,0.548748068124079,174.84183444312993,50.048607460554436,20.225510801907816,2
10,16.63567702358238,5.98801470625088,90.35847784126537,22.65496053936657,15.242928418359273,2
2,10.027923275524106,4.222517143715676,64.53895706602506,28.81583305211387,24.089978257409957,2
6,18.699679716016632,5.056581146970144,147.72691155346988,23.905120382818403,9.669571743312247,1
6,21.768369552472613,2.1204066799040624,72.20062688658348,27.279991931701304,29.207519069066137,2
3,8.906096021272479,0.5787340271688299,67.90133979285572,31.449081454572546,32.82540379249646,2
11,12.992923944235194,4.5582823520884155,57.20095875325299,48.85936507272319,10.717405741010477,1
2,4.534696706771479,5.087795283503716,40.74863651587766,51.159414062468294,8.650958057315876,1
12,6.253331136505729,4.572618725744356,61.034089762682555,39.85498230693028,10.093041897557569,2
1,20.7524177649845,1.2856765801546124,76.85115975582204,53.07945458745848,35.69946466644756,2
6,6.261712083173181,4.64385357241333,127.83907330331687,15.710244792795613,23.486624161472466,2
12,16.229738126344746,4.729075301592025,30.010374755112252,16.1451765940712,21.35413486026259,1
5,21.56234158995055,4.121972836185302,53.68111034645487,22.02806222503609,8.7349136685824,1
14,4.099430769747571,4.713637630375724,149.44378244666822,46.26542486282413,27.734460236493664,2
14,17.4520543692382,5.152567918227527,43.50750777340332,24.97962750888195,35.37998571632815,1
11,8.44032072733955,3.8748226283060214,74.82322344360344,29.829908244480414,33.98650542632085,2
9,28.924879381889813,0.9873259268332348,158.3454274973024,38.02189853210959,26.911914814328046,2
1,15.022823754877818,3.1819529531696595,44.78804978295082,66.83062868072659,7.634755082808577,1
7,24.373783943479584,0.9270713406938278,33.23789369891038,10.970349513900208,8.933895951160453,0
5,16.95656972253159,2.74148667067837,97.52607921280173,55.45651741656357,6.725814548843863,2
5,2.2589634527897555,2.739085690190952,68.38712180456582,56.821357172847975,14.011772577236425,2
14,19.361389892226647,0.8630541427713287,110.14533831741666,65.90590462496456,9.74815135061322,1
2,28.590696923993054,2.418512936832136,148.60878247735602,75.29270573422193,14.101681408835185,2
11,18.446742784243604,1.1104895433522315,41.943758104438906,11.409649426450288,18.477031950163656,1
3,24.756476923376916,4.945293655050722,112.9118535286856,20.764859385925135,38.00439744248975,2
7,26.641987437103825,5.712284142804589,100.88140166237822,72.03199058391951,26.36316209235922,2
6,7.614313386519042,0.8977406139186623,43.05260576211193,42.09629935309108,34.224082498903684,1
12,7.149300357338573,5.753133640104358,119.83975768463719,49.521344725342445,29.86230252493163,2
2,18.71844867667876,3.3741712963520984,63.78246685772346,56.41190426062032,8.937609568432112,2
6,12.919825624394436,2.1476112287463067,98.053490967042,57.534662314694614,30.75721422308821,2
2,25.35597778313489,0.9227414140188993,33.1635718843299,75.22182823215557,14.628460854569354,1
2,27.100670578542324,3.253433474387298,93.53344915417969,79.78645921881687,27.36877464481472,2
2,11.249219999778825,4.869835494699117,69.03415488685125,60.41102226516582,16.933669077504597,2
14,7.86924621025998,4.3889756249668395,151.5809937896567,30.10548464436056,39.918529214263074,2
11,23.635239942071994,0.7762430630518558,29.116596319578925,71.58266816060404,14.224301782387224,1
3,8.969375030895947,0.9009600945234693,86.9771639869328,13.445464017853313,14.769566477099438,1
2,24.855815236896674,2.715803054479504,93.34902786103008,26.175659701214734,37.57352894468394,2
4,13.288409355814123,2.124097717263688,136.00097220785898,72.81700022246004,5.862554162271294,2
9,20.358947079452644,1.778113776808263,111.88601201443376,27.933406010754847,29.38411457556189,2
6,3.7705241012053774,2.045524743997925,126.75397395106897,25.445574173522395,30.386423675755733,2
1,19.091920415620617,4.919155088132865,144.327885704281,19.668770519817308,34.27325020936398,2
8,14.101262683379645,5.610754294975196,157.9524757853102,70.13782303528416,39.105375872346634,2
12,18.01164543208875,2.7280648199016153,70.22007947559528,45.00407814337607,39.14606717048284,2
14,5.872412024601039,5.483610511728734,106.08363285822448,57.24252421379084,7.2846865148262365,2
7,22.36933860338128,2.2682263568633507,154.41729255027198,26.734646885252076,33.764376296351585,2
10,26.021115248753627,3.1204034248908536,178.31218095440903,63.062829470785154,27.620847678008346,2
